order_id,product_id,add_to_cart_order,reordered
1,126,1,0
1,115,2,1
1,72,3,0
1,53,4,0
2,309,1,0
2,14,2,1
2,288,3,1
2,102,4,0
2,280,5,0
2,215,6,1
3,173,1,1
3,53,2,0
3,48,3,1
4,23,1,1
4,236,2,0
4,275,3,1
4,64,4,1
5,24,1,1
5,117,2,0
6,195,1,1
6,143,2,1
7,137,1,0
7,37,2,0
7,312,3,0
8,113,1,1
8,167,2,1
8,29,3,0
8,118,4,0
8,17,5,1
8,162,6,0
9,74,1,1
9,136,2,1
9,72,3,1
9,127,4,1
9,288,5,0
10,25,1,0
10,57,2,0
11,33,1,1
11,198,2,0
11,196,3,0
11,306,4,1
11,240,5,1
11,271,6,0
12,2,1,0
12,135,2,1
12,257,3,0
12,92,4,0
12,260,5,1
13,1,1,1
13,307,2,1
13,166,3,0
13,251,4,0
13,10,5,0
13,58,6,0
14,273,1,0
14,65,2,1
15,311,1,1
15,217,2,1
15,109,3,1
15,277,4,1
15,103,5,0
15,160,6,0
16,302,1,0
16,284,2,0
17,118,1,0
17,35,2,1
18,249,1,1
18,110,2,0
18,277,3,1
18,68,4,1
19,182,1,0
19,217,2,0
19,211,3,1
19,240,4,1
19,28,5,0
20,230,1,0
20,72,2,0
20,217,3,1
20,94,4,0
20,143,5,0
20,237,6,0
21,86,1,1
21,209,2,0
21,249,3,1
22,200,1,1
22,136,2,1
23,250,1,0
23,80,2,1
23,98,3,0
23,152,4,0
23,112,5,1
23,30,6,0
24,36,1,0
24,305,2,1
24,35,3,0
25,21,1,1
25,318,2,1
25,42,3,0
25,215,4,1
25,299,5,0
25,290,6,1
26,235,1,1
26,162,2,0
26,38,3,0
26,5,4,0
27,36,1,0
27,126,2,1
27,190,3,1
27,146,4,0
28,54,1,0
28,69,2,0
28,136,3,1
28,60,4,1
29,105,1,1
29,325,2,1
29,136,3,0
29,259,4,0
30,23,1,1
30,2,2,0
30,171,3,1
30,67,4,1
31,77,1,0
31,280,2,1
32,66,1,1
32,22,2,0
32,158,3,0
32,187,4,0
32,21,5,1
33,318,1,1
33,80,2,0
33,122,3,0
33,84,4,1
33,91,5,1
34,137,1,1
34,82,2,0
34,56,3,1
35,180,1,0
35,157,2,1
35,117,3,1
35,115,4,1
35,13,5,0
36,205,1,0
36,275,2,1
36,170,3,0
36,15,4,0
36,60,5,1
36,134,6,1
37,311,1,0
37,262,2,1
37,60,3,0
37,198,4,1
37,296,5,0
38,101,1,1
38,187,2,0
38,221,3,1
38,36,4,1
38,170,5,1
38,320,6,1
39,66,1,1
39,99,2,1
39,216,3,0
39,195,4,1
39,90,5,1
39,316,6,0
40,165,1,0
40,239,2,0
40,227,3,1
40,110,4,1
40,262,5,0
40,243,6,0
41,76,1,0
41,13,2,1
41,24,3,0
42,100,1,0
42,197,2,0
42,254,3,1
42,205,4,0
42,125,5,0
42,76,6,1
43,234,1,1
43,69,2,1
44,259,1,1
44,219,2,1
44,281,3,0
44,229,4,1
44,82,5,1
44,244,6,0
45,121,1,0
45,140,2,0
45,172,3,0
45,164,4,0
46,33,1,1
46,213,2,1
46,209,3,1
47,200,1,1
47,300,2,0
47,11,3,1
47,295,4,1
47,195,5,1
48,309,1,0
48,113,2,1
48,250,3,1
48,140,4,1
48,224,5,0
48,249,6,1
49,202,1,0
49,304,2,0
50,94,1,0
50,26,2,1
50,134,3,1
50,195,4,1
50,168,5,1
51,130,1,0
51,42,2,1
51,241,3,0
51,10,4,0
51,277,5,0
52,11,1,0
52,319,2,0
52,79,3,1
53,239,1,0
53,132,2,0
53,189,3,0
54,160,1,1
54,295,2,1
55,322,1,0
55,125,2,1
55,53,3,1
55,155,4,1
55,308,5,0
55,62,6,1
56,55,1,1
56,222,2,0
56,186,3,1
56,236,4,1
56,79,5,1
57,138,1,0
57,166,2,1
57,126,3,1
57,45,4,1
57,143,5,0
57,231,6,1
58,109,1,1
58,182,2,0
58,133,3,0
58,175,4,0
58,144,5,0
59,124,1,1
59,244,2,0
59,252,3,1
59,230,4,0
59,9,5,1
59,48,6,1
60,218,1,1
60,282,2,1
60,170,3,1
60,181,4,1
61,162,1,0
61,62,2,0
61,275,3,0
62,269,1,0
62,306,2,1
62,145,3,0
62,52,4,1
62,100,5,0
62,152,6,0
63,150,1,1
63,65,2,1
63,252,3,1
63,53,4,1
63,7,5,1
63,294,6,0
64,59,1,0
64,34,2,0
64,206,3,0
64,252,4,1
64,38,5,0
65,311,1,1
65,306,2,1
65,317,3,1
65,116,4,1
65,268,5,1
66,313,1,0
66,51,2,0
67,123,1,0
67,89,2,0
67,283,3,0
68,241,1,1
68,150,2,0
68,17,3,0
68,119,4,1
68,148,5,0
68,145,6,1
69,137,1,0
69,73,2,0
69,37,3,1
70,148,1,1
70,225,2,1
70,64,3,1
70,240,4,0
70,156,5,0
70,207,6,1
71,14,1,0
71,47,2,1
71,118,3,0
71,295,4,0
72,143,1,0
72,93,2,1
72,300,3,1
72,224,4,1
72,252,5,1
73,169,1,1
73,211,2,1
73,254,3,0
74,166,1,0
74,60,2,1
74,207,3,1
74,264,4,0
75,256,1,0
75,321,2,1
75,227,3,1
75,27,4,1
75,105,5,0
75,137,6,0
76,82,1,0
76,160,2,1
76,283,3,0
77,61,1,1
77,79,2,1
77,256,3,1
77,150,4,1
77,261,5,0
78,98,1,1
78,307,2,1
78,261,3,1
78,70,4,1
78,36,5,0
79,297,1,1
79,251,2,1
79,77,3,1
79,229,4,1
79,276,5,1
79,248,6,0
80,120,1,1
80,211,2,1
80,23,3,0
80,163,4,1
80,243,5,0
81,52,1,0
81,226,2,0
81,270,3,1
81,234,4,0
82,174,1,1
82,320,2,1
82,204,3,1
82,42,4,1
83,36,1,1
83,121,2,0
83,324,3,0
83,148,4,1
83,117,5,0
83,47,6,1
84,151,1,1
84,184,2,1
85,290,1,1
85,93,2,0
85,88,3,1
85,90,4,0
85,41,5,0
86,131,1,0
86,5,2,0
86,239,3,1
86,148,4,1
86,280,5,1
87,234,1,1
87,155,2,0
87,102,3,0
87,197,4,1
88,152,1,0
88,12,2,0
88,203,3,1
88,141,4,1
89,181,1,0
89,113,2,0
89,98,3,1
89,318,4,1
89,129,5,0
89,71,6,1
90,168,1,0
90,213,2,1
90,90,3,1
90,103,4,0
91,152,1,0
91,174,2,0
91,59,3,1
91,240,4,1
91,39,5,0
92,275,1,1
92,64,2,1
92,233,3,1
92,189,4,0
93,318,1,1
93,288,2,0
94,155,1,0
94,210,2,1
94,60,3,1
94,72,4,0
94,24,5,0
95,233,1,0
95,190,2,1
95,277,3,0
95,215,4,1
95,301,5,1
96,112,1,0
96,228,2,1
96,121,3,1
96,186,4,0
97,233,1,0
97,47,2,0
98,65,1,0
98,290,2,0
98,106,3,0
99,306,1,0
99,2,2,0
99,142,3,1
100,68,1,1
100,8,2,0
101,136,1,1
101,27,2,0
101,65,3,0
102,263,1,0
102,304,2,0
102,56,3,1
102,232,4,1
103,206,1,0
103,219,2,0
103,56,3,1
103,252,4,0
103,228,5,0
104,281,1,1
104,167,2,1
104,196,3,0
104,306,4,0
104,272,5,0
104,151,6,1
105,174,1,1
105,233,2,1
105,205,3,1
105,213,4,1
105,49,5,1
106,47,1,0
106,44,2,1
107,67,1,1
107,285,2,0
107,31,3,1
107,301,4,1
108,27,1,0
108,148,2,0
108,308,3,0
108,160,4,1
108,181,5,0
109,189,1,0
109,59,2,1
109,143,3,0
109,294,4,0
109,116,5,1
109,220,6,1
110,74,1,0
110,290,2,0
110,206,3,0
111,193,1,1
111,215,2,0
111,233,3,1
112,306,1,0
112,44,2,0
112,27,3,1
112,80,4,1
112,81,5,1
112,317,6,1
113,111,1,1
113,263,2,0
113,59,3,1
113,177,4,1
114,113,1,0
114,203,2,0
115,131,1,0
115,149,2,0
115,168,3,1
116,195,1,1
116,273,2,0
116,118,3,1
117,10,1,1
117,236,2,1
117,40,3,1
117,161,4,1
117,295,5,0
118,317,1,0
118,236,2,1
118,186,3,0
119,269,1,0
119,41,2,1
119,203,3,0
119,159,4,0
119,174,5,0
120,180,1,0
120,76,2,1
120,121,3,0
120,53,4,0
121,91,1,1
121,322,2,1
122,230,1,0
122,290,2,1
122,320,3,0
122,166,4,1
122,322,5,1
122,162,6,1
123,181,1,0
123,260,2,1
124,189,1,0
124,147,2,0
125,237,1,0
125,298,2,1
125,284,3,1
125,22,4,0
125,231,5,0
126,44,1,0
126,259,2,1
126,89,3,1
126,21,4,0
127,210,1,1
127,174,2,0
127,307,3,1
127,27,4,0
127,324,5,1
128,77,1,1
128,171,2,1
128,42,3,0
128,299,4,0
128,73,5,1
128,180,6,1
129,270,1,1
129,48,2,0
129,217,3,1
130,249,1,0
130,99,2,0
130,116,3,1
130,71,4,0
131,20,1,0
131,173,2,0
131,317,3,0
131,68,4,0
131,306,5,1
131,193,6,0
132,228,1,1
132,313,2,0
132,146,3,0
133,100,1,1
133,189,2,1
133,293,3,1
133,226,4,0
133,237,5,0
134,27,1,0
134,247,2,0
134,191,3,1
134,284,4,0
135,263,1,1
135,76,2,1
135,224,3,0
135,47,4,1
135,114,5,0
136,198,1,0
136,42,2,0
136,192,3,1
137,75,1,1
137,71,2,0
137,20,3,1
137,147,4,1
138,10,1,0
138,132,2,0
139,217,1,0
139,57,2,0
139,148,3,1
139,122,4,1
139,155,5,0
139,63,6,0
140,275,1,0
140,9,2,1
140,324,3,1
140,264,4,0
140,295,5,1
140,124,6,0
141,269,1,0
141,185,2,0
142,199,1,1
142,192,2,0
143,124,1,1
143,322,2,0
143,54,3,0
143,298,4,1
144,238,1,0
144,246,2,0
144,324,3,0
145,151,1,0
145,104,2,0
146,204,1,1
146,279,2,1
146,243,3,0
146,130,4,1
146,19,5,1
146,98,6,0
147,226,1,1
147,198,2,1
147,174,3,1
147,96,4,0
147,255,5,1
148,280,1,0
148,151,2,0
148,165,3,1
149,309,1,1
149,219,2,0
149,86,3,1
149,228,4,1
149,180,5,1
150,208,1,0
150,187,2,0
151,18,1,1
151,65,2,1
151,35,3,0
151,121,4,0
151,188,5,1
152,294,1,1
152,71,2,1
153,59,1,1
153,14,2,1
153,96,3,0
154,110,1,0
154,314,2,0
154,147,3,0
154,252,4,1
154,103,5,0
155,178,1,1
155,34,2,1
155,282,3,0
155,278,4,0
156,63,1,0
156,103,2,1
156,72,3,0
157,240,1,0
157,283,2,0
157,67,3,1
157,314,4,1
158,211,1,0
158,210,2,1
158,295,3,1
158,38,4,1
158,65,5,0
158,163,6,0
159,29,1,0
159,64,2,1
159,266,3,0
159,79,4,1
159,156,5,1
159,85,6,0
160,141,1,0
160,65,2,0
160,321,3,0
160,156,4,0
160,315,5,1
160,274,6,0
161,24,1,1
161,296,2,0
162,16,1,1
162,255,2,0
162,322,3,1
162,280,4,1
162,149,5,1
162,155,6,0
163,213,1,0
163,248,2,1
163,238,3,1
163,105,4,1
163,175,5,1
164,288,1,1
164,55,2,1
164,164,3,0
164,124,4,0
164,239,5,0
164,63,6,0
165,215,1,0
165,128,2,0
165,82,3,1
165,168,4,1
165,296,5,1
165,161,6,1
166,259,1,1
166,235,2,0
166,124,3,0
166,111,4,1
166,299,5,1
167,147,1,0
167,275,2,1
167,5,3,1
167,56,4,1
167,221,5,1
168,288,1,1
168,100,2,1
168,186,3,1
168,284,4,0
168,148,5,0
168,38,6,0
169,286,1,1
169,188,2,0
169,74,3,0
169,102,4,0
170,266,1,0
170,234,2,1
170,77,3,1
170,311,4,0
170,264,5,1
171,304,1,1
171,173,2,1
171,260,3,1
171,261,4,0
172,214,1,1
172,299,2,0
173,296,1,1
173,117,2,0
173,27,3,0
173,299,4,0
173,246,5,0
173,88,6,0
174,78,1,1
174,212,2,0
174,105,3,0
174,211,4,0
174,257,5,1
175,161,1,1
175,89,2,1
175,236,3,1
175,273,4,0
175,176,5,0
176,153,1,1
176,148,2,1
176,107,3,1
177,148,1,1
177,63,2,1
177,294,3,1
177,279,4,0
178,178,1,1
178,227,2,1
179,139,1,0
179,288,2,0
179,140,3,0
179,71,4,0
179,56,5,0
179,316,6,0
180,52,1,1
180,71,2,1
180,3,3,1
180,282,4,0
180,81,5,1
181,46,1,0
181,294,2,0
182,19,1,0
182,204,2,1
182,254,3,0
183,55,1,1
183,172,2,0
183,146,3,1
183,233,4,1
183,279,5,0
183,269,6,0
184,132,1,0
184,96,2,0
184,8,3,1
184,173,4,1
184,152,5,1
185,95,1,1
185,72,2,1
186,121,1,0
186,229,2,1
186,137,3,1
186,169,4,0
186,155,5,0
187,82,1,0
187,208,2,1
187,258,3,1
187,160,4,0
188,233,1,1
188,311,2,1
188,192,3,0
189,42,1,0
189,270,2,0
189,229,3,0
189,271,4,0
189,186,5,0
189,40,6,1
190,299,1,1
190,251,2,0
190,47,3,1
191,289,1,0
191,30,2,1
191,287,3,1
191,237,4,0
191,158,5,0
192,177,1,1
192,33,2,0
192,278,3,1
192,31,4,1
192,36,5,0
193,192,1,0
193,196,2,0
193,230,3,1
193,194,4,0
193,193,5,0
194,115,1,1
194,2,2,1
194,12,3,1
195,127,1,0
195,236,2,1
195,178,3,0
196,215,1,0
196,315,2,0
197,18,1,1
197,229,2,1
197,307,3,0
197,25,4,0
197,126,5,0
197,23,6,0
198,164,1,0
198,296,2,0
198,307,3,1
198,165,4,1
198,122,5,1
198,155,6,0
199,321,1,1
199,219,2,0
199,285,3,1
200,164,1,0
200,214,2,1
200,210,3,0
200,77,4,0
200,154,5,1
200,193,6,0
201,214,1,0
201,286,2,1
201,272,3,0
201,69,4,1
201,199,5,0
202,275,1,0
202,98,2,1
203,21,1,1
203,38,2,0
203,97,3,1
203,301,4,1
203,287,5,0
203,112,6,0
204,125,1,1
204,310,2,1
204,105,3,1
204,204,4,1
204,123,5,1
205,255,1,1
205,239,2,1
205,51,3,1
205,241,4,0
205,164,5,0
205,105,6,0
206,297,1,0
206,214,2,1
206,152,3,0
206,79,4,1
206,101,5,1
206,169,6,1
207,236,1,1
207,87,2,0
207,181,3,0
207,72,4,0
207,280,5,0
208,212,1,0
208,71,2,0
209,259,1,0
209,234,2,1
209,192,3,1
210,211,1,1
210,7,2,0
210,9,3,1
210,272,4,0
210,141,5,0
210,275,6,0
211,318,1,1
211,270,2,1
211,130,3,1
212,290,1,0
212,125,2,0
212,116,3,1
212,154,4,1
212,42,5,1
213,88,1,1
213,43,2,1
214,49,1,1
214,271,2,1
214,22,3,0
214,118,4,0
214,109,5,1
214,291,6,0
215,9,1,1
215,107,2,0
215,301,3,1
215,74,4,0
216,277,1,1
216,170,2,0
216,197,3,0
216,72,4,1
216,41,5,0
217,315,1,1
217,305,2,1
217,204,3,1
217,168,4,0
217,16,5,1
217,325,6,1
218,195,1,0
218,44,2,1
218,317,3,0
218,152,4,1
218,127,5,0
218,38,6,1
219,3,1,1
219,158,2,1
220,96,1,1
220,221,2,1
221,284,1,1
221,48,2,1
221,306,3,0
221,307,4,1
222,287,1,0
222,125,2,1
223,138,1,0
223,253,2,1
223,75,3,1
223,33,4,1
224,185,1,0
224,129,2,1
225,55,1,1
225,70,2,1
225,156,3,1
225,4,4,1
225,203,5,1
226,70,1,1
226,154,2,0
226,165,3,1
226,309,4,1
226,103,5,1
226,246,6,1
227,193,1,0
227,144,2,0
227,202,3,0
227,187,4,0
228,225,1,1
228,150,2,1
228,36,3,0
229,79,1,1
229,217,2,1
229,194,3,1
229,38,4,1
230,275,1,0
230,305,2,1
230,44,3,0
230,56,4,0
231,170,1,1
231,221,2,0
231,55,3,0
231,6,4,1
231,51,5,1
232,257,1,1
232,78,2,1
232,177,3,0
232,13,4,0
232,248,5,0
232,54,6,1
233,267,1,1
233,248,2,0
233,179,3,1
234,35,1,0
234,154,2,1
234,23,3,0
234,59,4,0
235,283,1,1
235,82,2,1
235,170,3,0
236,96,1,0
236,222,2,0
236,203,3,1
237,110,1,1
237,106,2,0
238,96,1,1
238,188,2,1
238,167,3,1
238,101,4,1
238,235,5,1
238,59,6,0
239,317,1,0
239,89,2,0
239,153,3,1
239,315,4,0
239,303,5,0
240,73,1,0
240,262,2,1
240,199,3,1
240,215,4,0
241,285,1,1
241,86,2,0
241,251,3,0
242,28,1,1
242,184,2,1
242,5,3,1
242,249,4,1
242,70,5,1
242,100,6,1
243,16,1,1
243,113,2,0
243,150,3,1
243,17,4,1
243,141,5,0
243,116,6,0
244,278,1,0
244,22,2,1
244,226,3,0
244,280,4,0
245,135,1,0
245,179,2,0
245,45,3,1
245,225,4,1
245,61,5,0
246,106,1,1
246,31,2,1
246,292,3,0
247,294,1,0
247,137,2,1
247,264,3,0
247,49,4,1
248,128,1,0
248,75,2,1
248,165,3,1
249,322,1,0
249,213,2,0
249,193,3,1
249,232,4,1
250,168,1,1
250,298,2,0
250,2,3,1
250,48,4,0
250,235,5,1
251,166,1,0
251,146,2,1
251,173,3,1
251,281,4,0
252,9,1,0
252,64,2,1
252,81,3,0
252,226,4,0
252,234,5,1
253,185,1,0
253,129,2,1
254,27,1,1
254,203,2,0
254,321,3,1
255,1,1,1
255,110,2,0
256,228,1,1
256,5,2,0
256,176,3,0
256,62,4,1
256,217,5,0
256,68,6,0
257,71,1,0
257,196,2,0
257,69,3,0
257,74,4,1
258,211,1,0
258,316,2,0
258,227,3,0
259,197,1,1
259,180,2,0
259,220,3,0
259,162,4,1
259,72,5,0
259,127,6,1
260,97,1,1
260,201,2,0
260,152,3,0
260,28,4,1
260,123,5,0
260,254,6,0
261,199,1,1
261,292,2,0
261,216,3,1
262,35,1,1
262,8,2,1
262,135,3,1
262,111,4,1
262,21,5,1
262,31,6,0
263,79,1,0
263,143,2,0
263,43,3,1
263,159,4,1
263,41,5,0
263,262,6,1
264,30,1,1
264,126,2,0
264,45,3,1
265,90,1,0
265,62,2,0
265,7,3,1
265,71,4,1
266,86,1,0
266,191,2,0
266,65,3,1
266,138,4,1
267,296,1,1
267,322,2,1
267,40,3,0
267,255,4,1
268,81,1,0
268,131,2,0
268,53,3,0
268,294,4,0
269,24,1,1
269,242,2,0
269,187,3,0
270,115,1,1
270,165,2,0
270,128,3,1
270,214,4,0
270,164,5,0
271,24,1,1
271,206,2,0
271,36,3,1
271,239,4,0
271,145,5,1
271,160,6,0
272,319,1,1
272,125,2,0
272,238,3,0
272,189,4,0
273,120,1,1
273,278,2,0
274,158,1,1
274,54,2,1
274,106,3,0
274,272,4,0
274,122,5,1
275,267,1,1
275,212,2,0
275,191,3,0
276,39,1,0
276,304,2,0
276,291,3,1
276,32,4,1
276,223,5,1
277,163,1,0
277,232,2,0
277,140,3,0
277,120,4,0
278,239,1,1
278,161,2,0
278,209,3,1
278,62,4,1
278,275,5,1
279,81,1,0
279,156,2,0
280,47,1,1
280,128,2,0
280,183,3,1
281,208,1,0
281,232,2,0
282,63,1,0
282,7,2,0
282,32,3,0
283,299,1,1
283,301,2,0
284,66,1,1
284,48,2,0
284,170,3,0
284,63,4,1
284,22,5,1
285,89,1,1
285,182,2,1
285,110,3,0
285,96,4,0
285,141,5,0
286,282,1,1
286,246,2,0
286,32,3,1
286,45,4,0
286,144,5,0
287,196,1,1
287,184,2,1
288,199,1,1
288,139,2,0
288,93,3,0
288,14,4,1
289,184,1,0
289,300,2,1
289,120,3,0
289,82,4,0
289,52,5,1
289,127,6,1
290,122,1,1
290,304,2,0
290,163,3,1
291,97,1,0
291,253,2,0
291,278,3,0
291,159,4,0
291,90,5,0
291,252,6,0
292,315,1,0
292,104,2,1
292,67,3,0
292,175,4,0
293,57,1,0
293,270,2,1
293,187,3,1
294,166,1,1
294,70,2,1
294,81,3,0
294,224,4,1
295,194,1,0
295,158,2,0
295,151,3,0
296,17,1,0
296,94,2,1
296,309,3,0
296,163,4,1
296,314,5,0
296,114,6,0
297,172,1,0
297,229,2,1
298,180,1,0
298,132,2,0
299,86,1,1
299,212,2,0
299,253,3,1
299,194,4,0
299,180,5,0
300,151,1,1
300,11,2,1
301,193,1,0
301,83,2,1
301,39,3,1
302,311,1,0
302,223,2,0
302,81,3,1
303,277,1,0
303,136,2,1
303,145,3,1
303,153,4,0
303,122,5,0
303,50,6,1
304,321,1,0
304,308,2,0
304,246,3,0
304,103,4,0
305,60,1,1
305,158,2,0
305,204,3,1
305,242,4,0
305,251,5,1
306,23,1,1
306,135,2,0
306,226,3,0
306,239,4,0
306,116,5,0
307,212,1,1
307,302,2,1
307,117,3,0
307,284,4,1
307,32,5,1
307,199,6,0
308,258,1,0
308,293,2,0
309,109,1,0
309,99,2,1
309,65,3,0
310,305,1,0
310,133,2,0
310,164,3,1
311,142,1,1
311,267,2,0
311,235,3,1
311,7,4,0
312,52,1,1
312,55,2,1
312,289,3,1
312,147,4,1
312,275,5,1
312,177,6,0
313,317,1,0
313,312,2,1
313,206,3,1
314,138,1,1
314,191,2,1
314,11,3,1
314,173,4,0
314,156,5,0
315,165,1,0
315,138,2,1
315,214,3,0
315,310,4,1
315,46,5,1
316,29,1,1
316,264,2,1
316,82,3,0
316,34,4,0
317,30,1,1
317,128,2,0
317,17,3,1
318,238,1,0
318,259,2,0
318,204,3,1
318,64,4,1
319,301,1,1
319,283,2,0
319,180,3,1
319,177,4,0
319,84,5,1
320,110,1,0
320,114,2,0
320,116,3,1
320,106,4,0
320,138,5,0
320,210,6,0
321,141,1,1
321,217,2,1
321,193,3,0
321,179,4,1
322,204,1,1
322,300,2,1
322,53,3,0
322,4,4,1
322,262,5,0
322,192,6,1
323,134,1,0
323,153,2,0
323,97,3,1
323,77,4,1
324,255,1,1
324,152,2,1
325,299,1,0
325,293,2,1
326,244,1,0
326,184,2,1
326,260,3,0
326,154,4,1
326,88,5,0
326,286,6,1
327,172,1,1
327,46,2,0
327,114,3,1
328,134,1,0
328,300,2,1
328,151,3,0
328,238,4,0
329,62,1,0
329,196,2,0
329,272,3,0
329,153,4,1
329,212,5,1
329,28,6,1
330,42,1,0
330,250,2,1
330,171,3,0
331,87,1,1
331,296,2,0
331,82,3,0
332,207,1,0
332,220,2,0
332,245,3,1
332,197,4,0
332,3,5,1
333,10,1,0
333,3,2,0
333,321,3,1
334,258,1,0
334,302,2,1
334,157,3,1
334,86,4,1
334,34,5,1
335,176,1,0
335,251,2,0
335,184,3,1
336,109,1,0
336,12,2,0
336,302,3,1
337,193,1,0
337,131,2,0
338,25,1,1
338,60,2,1
339,243,1,0
339,79,2,1
339,106,3,1
339,323,4,0
340,311,1,0
340,71,2,1
340,215,3,0
340,54,4,0
340,262,5,1
340,317,6,0
341,268,1,1
341,104,2,0
341,184,3,0
341,210,4,1
342,121,1,0
342,2,2,1
342,7,3,0
342,46,4,0
343,132,1,1
343,119,2,1
344,90,1,1
344,21,2,1
345,49,1,0
345,24,2,0
346,184,1,0
346,225,2,1
346,319,3,1
346,138,4,0
347,140,1,0
347,198,2,0
347,245,3,0
347,216,4,0
347,86,5,0
348,292,1,1
348,225,2,0
348,93,3,0
348,313,4,1
348,195,5,1
349,24,1,0
349,33,2,1
349,134,3,0
349,161,4,1
349,7,5,0
350,77,1,0
350,286,2,1
350,314,3,1
350,28,4,0
350,6,5,0
351,170,1,0
351,143,2,1
351,26,3,1
352,228,1,1
352,294,2,1
352,230,3,0
352,46,4,1
352,256,5,0
353,286,1,0
353,282,2,0
354,261,1,1
354,288,2,1
354,106,3,0
354,234,4,0
355,318,1,0
355,308,2,0
355,243,3,0
355,187,4,1
355,232,5,1
355,59,6,1
356,24,1,1
356,85,2,0
357,55,1,0
357,131,2,1
357,313,3,0
357,101,4,1
357,97,5,0
358,24,1,1
358,325,2,0
358,302,3,1
358,64,4,0
358,231,5,0
359,248,1,0
359,261,2,1
359,91,3,1
359,297,4,1
359,89,5,1
359,66,6,0
360,232,1,1
360,69,2,1
360,71,3,0
360,212,4,0
361,177,1,1
361,68,2,0
361,92,3,1
361,258,4,1
362,274,1,0
362,147,2,0
362,217,3,1
362,7,4,0
362,268,5,0
363,83,1,0
363,147,2,1
363,129,3,0
363,75,4,0
364,316,1,0
364,288,2,1
365,25,1,1
365,196,2,0
365,199,3,0
365,214,4,1
366,116,1,0
366,325,2,0
366,189,3,1
366,302,4,1
366,280,5,0
367,264,1,0
367,62,2,1
367,194,3,1
368,300,1,1
368,131,2,1
368,3,3,0
369,27,1,1
369,321,2,0
369,316,3,1
369,155,4,0
369,252,5,0
369,294,6,0
370,279,1,0
370,275,2,0
370,207,3,1
370,48,4,1
370,179,5,1
371,272,1,1
371,244,2,0
371,288,3,0
371,5,4,0
371,59,5,1
371,178,6,1
372,277,1,1
372,145,2,1
372,13,3,1
372,265,4,0
373,165,1,0
373,264,2,0
373,43,3,0
374,218,1,1
374,54,2,0
374,106,3,0
375,20,1,0
375,45,2,1
375,38,3,0
375,28,4,0
376,323,1,1
376,208,2,0
376,222,3,0
376,162,4,0
376,9,5,0
377,258,1,0
377,55,2,1
377,149,3,1
377,155,4,1
378,243,1,0
378,81,2,0
379,152,1,0
379,325,2,0
379,74,3,0
379,153,4,0
379,192,5,1
379,6,6,0
380,109,1,0
380,212,2,0
380,263,3,0
380,73,4,1
381,28,1,1
381,282,2,0
381,237,3,0
381,38,4,1
381,149,5,1
381,35,6,1
382,52,1,0
382,146,2,0
382,318,3,1
383,157,1,1
383,300,2,1
383,79,3,0
383,290,4,0
383,291,5,1
383,187,6,0
384,142,1,1
384,185,2,1
384,69,3,1
384,170,4,1
384,246,5,1
385,42,1,0
385,144,2,0
385,72,3,0
385,276,4,0
385,101,5,1
385,135,6,0
386,277,1,1
386,242,2,0
386,77,3,1
386,188,4,0
386,201,5,1
386,115,6,1
387,315,1,0
387,85,2,1
387,264,3,0
388,248,1,0
388,184,2,1
388,21,3,0
389,22,1,1
389,106,2,1
389,266,3,1
390,166,1,1
390,53,2,1
391,193,1,0
391,194,2,1
391,188,3,1
392,177,1,0
392,250,2,0
392,247,3,1
392,310,4,0
393,109,1,1
393,77,2,0
393,96,3,0
393,81,4,1
394,247,1,1
394,246,2,0
395,12,1,0
395,125,2,0
395,23,3,0
395,66,4,0
395,294,5,0
396,265,1,0
396,208,2,1
396,307,3,0
397,247,1,0
397,88,2,0
397,113,3,1
397,211,4,0
397,308,5,1
398,118,1,1
398,194,2,0
399,259,1,1
399,215,2,0
399,77,3,0
399,311,4,0
399,50,5,1
399,91,6,0
400,221,1,1
400,268,2,1
401,220,1,0
401,118,2,1
401,247,3,0
401,196,4,1
401,180,5,1
401,302,6,0
402,279,1,0
402,210,2,0
402,132,3,1
402,97,4,0
402,3,5,1
402,4,6,1
403,300,1,1
403,130,2,1
403,134,3,1
403,275,4,0
403,217,5,1
404,92,1,1
404,190,2,1
404,287,3,1
404,285,4,1
404,248,5,0
405,118,1,0
405,229,2,0
406,282,1,1
406,315,2,0
406,27,3,0
406,83,4,0
407,33,1,0
407,135,2,1
408,206,1,0
408,315,2,0
408,267,3,1
408,147,4,1
408,306,5,0
409,147,1,0
409,100,2,0
409,18,3,0
409,307,4,1
409,262,5,0
409,265,6,0
410,181,1,0
410,203,2,0
410,208,3,0
410,301,4,1
410,103,5,1
411,311,1,1
411,100,2,0
411,233,3,1
412,287,1,1
412,38,2,1
413,276,1,1
413,295,2,1
413,129,3,0
413,227,4,1
414,301,1,0
414,15,2,1
414,247,3,0
414,60,4,0
414,133,5,1
415,5,1,1
415,135,2,0
415,128,3,0
415,148,4,1
415,48,5,1
415,205,6,1
416,98,1,0
416,256,2,0
416,103,3,1
417,317,1,0
417,183,2,0
417,80,3,0
418,4,1,1
418,278,2,1
418,22,3,1
418,247,4,1
418,191,5,0
418,318,6,1
419,66,1,0
419,28,2,1
419,270,3,1
419,217,4,0
419,245,5,1
419,277,6,0
420,5,1,0
420,7,2,1
420,108,3,1
420,195,4,1
421,138,1,1
421,242,2,1
421,314,3,0
422,191,1,0
422,187,2,0
422,206,3,0
422,144,4,0
422,231,5,1
423,196,1,0
423,101,2,0
423,75,3,1
423,77,4,1
423,243,5,0
424,162,1,0
424,250,2,1
424,154,3,0
424,129,4,0
424,288,5,0
424,291,6,0
425,231,1,1
425,172,2,1
426,177,1,1
426,11,2,0
426,211,3,0
426,63,4,1
427,250,1,1
427,229,2,0
427,41,3,0
427,196,4,1
427,315,5,1
427,147,6,1
428,117,1,1
428,161,2,1
428,163,3,1
428,150,4,1
429,267,1,0
429,231,2,0
429,212,3,1
429,86,4,0
429,95,5,0
429,12,6,0
430,243,1,0
430,281,2,0
431,54,1,0
431,135,2,0
432,118,1,0
432,127,2,0
432,146,3,0
432,227,4,0
433,244,1,1
433,240,2,0
433,277,3,0
433,140,4,1
434,223,1,0
434,269,2,0
434,274,3,1
434,159,4,1
434,178,5,1
434,247,6,1
435,1,1,0
435,268,2,1
436,252,1,1
436,245,2,0
437,119,1,1
437,4,2,1
437,281,3,0
437,192,4,0
437,97,5,1
437,211,6,1
438,321,1,1
438,123,2,1
438,265,3,1
438,314,4,0
438,140,5,0
439,234,1,1
439,317,2,1
440,165,1,0
440,10,2,0
440,78,3,0
441,225,1,0
441,5,2,0
441,120,3,0
442,160,1,1
442,256,2,0
442,191,3,0
442,238,4,0
442,17,5,1
443,93,1,0
443,99,2,0
443,129,3,1
443,196,4,1
443,7,5,0
444,49,1,1
444,267,2,1
444,107,3,0
444,243,4,0
444,200,5,0
445,102,1,0
445,185,2,0
445,27,3,1
445,112,4,1
446,300,1,0
446,62,2,0
446,203,3,1
446,125,4,0
447,81,1,1
447,256,2,0
447,47,3,0
448,55,1,1
448,65,2,1
448,250,3,0
448,120,4,0
448,163,5,1
448,286,6,1
449,249,1,1
449,225,2,1
450,179,1,0
450,166,2,0
450,240,3,0
450,141,4,1
450,307,5,1
450,284,6,1
451,260,1,0
451,195,2,0
452,123,1,1
452,165,2,0
452,33,3,1
452,276,4,1
452,199,5,1
452,98,6,1
453,23,1,0
453,67,2,0
454,51,1,1
454,17,2,1
454,293,3,1
455,37,1,0
455,7,2,1
455,107,3,1
455,252,4,1
455,41,5,0
455,240,6,1
456,156,1,0
456,40,2,0
457,198,1,0
457,98,2,1
457,99,3,0
457,270,4,1
457,128,5,1
457,292,6,1
458,282,1,1
458,206,2,0
458,259,3,1
459,167,1,0
459,191,2,0
459,212,3,1
459,325,4,1
459,221,5,1
459,166,6,1
460,146,1,0
460,306,2,0
461,110,1,1
461,162,2,0
461,12,3,0
462,71,1,0
462,136,2,0
462,188,3,1
463,205,1,0
463,292,2,1
463,112,3,0
463,40,4,1
463,167,5,0
463,248,6,1
464,179,1,0
464,223,2,0
464,214,3,1
464,62,4,0
465,277,1,0
465,290,2,0
465,77,3,0
465,168,4,1
466,259,1,0
466,47,2,0
466,114,3,1
466,222,4,0
466,149,5,1
466,202,6,0
467,205,1,1
467,257,2,0
468,102,1,0
468,250,2,0
468,203,3,0
468,293,4,1
468,101,5,1
468,288,6,1
469,58,1,1
469,212,2,1
470,305,1,1
470,13,2,1
470,157,3,0
470,87,4,1
471,103,1,0
471,192,2,0
471,80,3,0
472,148,1,0
472,8,2,1
472,176,3,1
473,276,1,1
473,109,2,1
473,105,3,0
474,193,1,0
474,299,2,1
475,317,1,1
475,139,2,0
475,28,3,0
476,56,1,0
476,10,2,1
476,150,3,0
476,198,4,1
477,46,1,0
477,96,2,0
477,102,3,0
477,257,4,1
477,235,5,1
477,288,6,1
478,178,1,1
478,181,2,1
479,321,1,1
479,132,2,0
480,175,1,0
480,202,2,1
480,71,3,0
481,219,1,1
481,160,2,1
481,310,3,0
482,278,1,1
482,104,2,0
482,71,3,0
482,159,4,1
482,269,5,0
482,70,6,0
483,16,1,1
483,164,2,1
483,212,3,1
484,78,1,0
484,97,2,0
484,55,3,1
484,68,4,0
485,184,1,1
485,41,2,0
486,192,1,0
486,95,2,0
486,199,3,0
486,252,4,0
486,243,5,0
487,212,1,0
487,114,2,0
487,104,3,1
487,105,4,1
488,127,1,1
488,219,2,1
488,208,3,1
488,22,4,0
488,312,5,0
489,126,1,1
489,266,2,0
490,98,1,1
490,150,2,1
491,237,1,0
491,86,2,0
491,217,3,1
491,151,4,1
492,93,1,0
492,300,2,1
493,92,1,0
493,233,2,1
494,64,1,1
494,47,2,1
494,59,3,0
495,314,1,0
495,82,2,1
495,194,3,0
495,282,4,0
495,195,5,0
495,23,6,0
496,158,1,0
496,159,2,0
496,229,3,0
496,148,4,0
496,321,5,0
497,235,1,1
497,255,2,0
498,112,1,1
498,302,2,1
498,244,3,1
499,126,1,1
499,281,2,0
500,179,1,0
500,19,2,0
501,153,1,0
501,170,2,0
501,45,3,1
501,26,4,0
501,56,5,1
501,214,6,1
502,166,1,1
502,189,2,0
502,195,3,1
502,35,4,1
503,169,1,0
503,270,2,0
503,212,3,0
503,269,4,0
504,45,1,1
504,248,2,1
504,310,3,1
504,148,4,0
504,219,5,1
504,312,6,1
505,120,1,1
505,149,2,0
505,100,3,0
505,1,4,1
505,61,5,1
505,13,6,0
506,6,1,1
506,104,2,0
506,145,3,1
507,4,1,1
507,59,2,0
507,171,3,0
507,175,4,0
508,243,1,1
508,19,2,1
508,70,3,1
508,247,4,1
508,80,5,0
509,162,1,1
509,285,2,1
509,275,3,0
509,10,4,0
509,107,5,1
509,296,6,0
510,85,1,0
510,293,2,1
510,311,3,1
510,200,4,0
510,96,5,1
510,305,6,1
511,191,1,0
511,232,2,1
511,155,3,0
512,104,1,1
512,48,2,0
513,98,1,1
513,175,2,1
513,248,3,0
514,106,1,1
514,19,2,0
514,236,3,0
515,45,1,1
515,171,2,0
515,240,3,1
515,24,4,0
515,53,5,1
515,267,6,0
516,164,1,1
516,226,2,0
516,61,3,0
516,140,4,0
516,77,5,0
516,81,6,1
517,146,1,0
517,294,2,0
517,126,3,1
518,228,1,1
518,26,2,0
518,67,3,0
518,15,4,1
518,242,5,1
518,55,6,0
519,316,1,0
519,183,2,1
519,160,3,0
519,171,4,0
519,102,5,1
520,241,1,1
520,119,2,1
520,115,3,1
520,74,4,0
520,316,5,1
521,250,1,1
521,16,2,1
521,34,3,1
521,244,4,0
521,58,5,1
522,66,1,0
522,261,2,1
522,53,3,1
522,208,4,1
522,55,5,1
522,167,6,0
523,247,1,1
523,197,2,0
523,34,3,1
524,279,1,1
524,121,2,0
524,89,3,1
524,40,4,1
525,91,1,0
525,158,2,1
525,208,3,1
525,36,4,1
525,307,5,0
526,298,1,0
526,1,2,1
526,76,3,1
527,101,1,1
527,106,2,1
527,163,3,1
527,154,4,0
527,292,5,0
528,151,1,0
528,32,2,0
528,190,3,1
529,121,1,1
529,222,2,1
530,223,1,0
530,280,2,0
530,109,3,1
530,89,4,1
530,244,5,1
531,69,1,0
531,6,2,0
531,37,3,1
532,71,1,1
532,213,2,1
533,218,1,0
533,283,2,1
533,231,3,0
533,197,4,1
533,182,5,0
533,116,6,1
534,188,1,0
534,18,2,1
534,20,3,0
534,291,4,0
534,248,5,1
534,189,6,1
535,46,1,1
535,126,2,0
535,242,3,1
535,323,4,0
535,40,5,1
535,325,6,1
536,170,1,0
536,216,2,1
536,181,3,1
536,151,4,0
536,149,5,1
536,86,6,0
537,320,1,0
537,14,2,0
537,147,3,0
537,249,4,1
538,141,1,0
538,132,2,0
538,8,3,1
538,58,4,1
539,249,1,0
539,93,2,1
539,271,3,0
540,254,1,0
540,212,2,1
540,197,3,0
541,28,1,0
541,136,2,1
541,60,3,1
541,27,4,1
542,120,1,1
542,195,2,0
542,200,3,1
542,243,4,1
542,135,5,1
542,75,6,1
543,273,1,1
543,182,2,1
544,131,1,1
544,300,2,1
545,302,1,1
545,100,2,0
545,267,3,1
546,35,1,1
546,7,2,0
547,180,1,0
547,113,2,0
547,146,3,0
547,129,4,0
547,99,5,0
548,45,1,0
548,310,2,1
549,95,1,1
549,57,2,1
549,130,3,1
549,151,4,1
549,240,5,1
549,39,6,0
550,196,1,1
550,199,2,0
551,226,1,0
551,36,2,1
551,252,3,0
552,277,1,0
552,221,2,1
552,112,3,1
553,293,1,1
553,129,2,0
554,20,1,1
554,200,2,0
555,2,1,0
555,264,2,0
555,252,3,0
555,245,4,1
555,224,5,1
555,207,6,0
556,171,1,0
556,156,2,1
556,206,3,1
556,29,4,0
557,104,1,1
557,91,2,0
557,284,3,1
557,21,4,1
558,250,1,0
558,44,2,0
558,324,3,0
558,225,4,0
559,251,1,1
559,200,2,1
559,33,3,1
560,173,1,1
560,22,2,0
561,235,1,0
561,275,2,0
561,77,3,1
561,297,4,0
561,120,5,1
561,37,6,0
562,8,1,0
562,89,2,1
562,324,3,0
