order_id,user_id,eval_set,order_number,order_dow,order_hour_of_day,days_since_prior_order
1,1,prior,1,0,8,
2,1,prior,2,0,11,10.0
3,1,prior,3,2,12,7.0
4,1,prior,4,6,13,22.0
5,1,prior,5,4,11,25.0
6,1,prior,6,6,11,30.0
7,1,prior,7,1,13,14.0
8,1,prior,8,3,14,11.0
9,2,prior,1,3,14,
10,2,prior,2,1,16,18.0
11,2,prior,3,6,18,16.0
12,2,prior,4,2,14,8.0
13,2,prior,5,6,10,20.0
14,2,prior,6,0,19,18.0
15,2,prior,7,4,10,11.0
16,2,prior,8,1,9,13.0
17,3,prior,1,0,19,
18,3,prior,2,0,16,10.0
19,3,prior,3,1,9,6.0
20,4,prior,1,1,11,
21,4,prior,2,0,22,27.0
22,4,prior,3,0,10,15.0
23,4,prior,4,3,19,26.0
24,5,prior,1,4,9,
25,5,prior,2,4,11,21.0
26,5,prior,3,3,10,24.0
27,6,prior,1,2,10,
28,6,prior,2,5,21,20.0
29,6,prior,3,4,11,25.0
30,6,prior,4,5,14,29.0
31,6,prior,5,4,8,6.0
32,6,prior,6,4,16,7.0
33,6,prior,7,6,16,30.0
34,7,prior,1,6,19,
35,7,prior,2,1,11,29.0
36,7,prior,3,6,12,14.0
37,7,prior,4,5,20,13.0
38,7,prior,5,4,22,28.0
39,7,prior,6,3,19,12.0
40,7,prior,7,3,20,21.0
41,7,prior,8,5,12,10.0
42,8,prior,1,3,22,
43,8,prior,2,0,16,10.0
44,8,prior,3,6,22,17.0
45,8,prior,4,2,15,5.0
46,8,prior,5,3,19,7.0
47,8,prior,6,0,11,29.0
48,9,prior,1,4,19,
49,9,prior,2,1,17,20.0
50,9,prior,3,5,14,7.0
51,9,prior,4,2,20,29.0
52,9,prior,5,6,8,10.0
53,9,prior,6,5,9,21.0
54,10,prior,1,0,17,
55,10,prior,2,5,11,5.0
56,10,prior,3,0,21,16.0
57,10,prior,4,3,21,26.0
58,10,prior,5,6,13,8.0
59,11,prior,1,3,15,
60,11,prior,2,3,16,19.0
61,11,prior,3,1,9,26.0
62,11,prior,4,5,15,11.0
63,11,prior,5,2,8,4.0
64,11,prior,6,0,12,30.0
65,11,prior,7,1,9,20.0
66,11,prior,8,2,17,22.0
67,12,prior,1,5,9,
68,12,prior,2,3,15,25.0
69,12,prior,3,0,16,10.0
70,12,prior,4,4,19,29.0
71,12,prior,5,5,13,22.0
72,13,prior,1,4,18,
73,13,prior,2,2,18,6.0
74,13,prior,3,3,9,13.0
75,13,prior,4,1,16,14.0
76,13,prior,5,5,17,28.0
77,13,prior,6,1,21,6.0
78,14,prior,1,4,10,
79,14,prior,2,2,19,12.0
80,14,prior,3,5,11,21.0
81,14,prior,4,1,16,21.0
82,14,prior,5,0,15,28.0
83,14,prior,6,6,16,4.0
84,15,prior,1,0,13,
85,15,prior,2,1,11,19.0
86,15,prior,3,3,18,11.0
87,16,prior,1,3,19,
88,16,prior,2,4,13,21.0
89,16,prior,3,6,20,10.0
90,16,prior,4,5,10,5.0
91,16,prior,5,2,22,29.0
92,16,prior,6,6,14,3.0
93,16,prior,7,5,11,18.0
94,16,prior,8,5,9,23.0
95,17,prior,1,4,10,
96,17,prior,2,2,8,25.0
97,17,prior,3,3,12,9.0
98,17,prior,4,0,20,13.0
99,18,prior,1,2,20,
100,18,prior,2,6,10,6.0
101,18,prior,3,4,13,3.0
102,18,prior,4,3,15,27.0
103,19,prior,1,0,8,
104,19,prior,2,1,12,22.0
105,19,prior,3,3,22,10.0
106,19,prior,4,1,18,18.0
107,19,prior,5,0,19,26.0
108,19,prior,6,6,18,27.0
109,19,prior,7,6,9,14.0
110,19,prior,8,2,13,3.0
111,20,prior,1,5,16,
112,20,prior,2,2,19,13.0
113,20,prior,3,4,15,16.0
114,21,prior,1,5,12,
115,21,prior,2,1,12,9.0
116,21,prior,3,5,14,8.0
117,21,prior,4,6,19,4.0
118,21,prior,5,3,8,13.0
119,21,prior,6,1,14,21.0
120,21,prior,7,4,16,9.0
121,22,prior,1,1,20,
122,22,prior,2,6,17,27.0
123,22,prior,3,6,12,21.0
124,22,prior,4,3,15,4.0
125,22,prior,5,4,17,19.0
126,22,prior,6,3,9,28.0
127,22,prior,7,2,13,12.0
128,23,prior,1,2,19,
129,23,prior,2,5,20,13.0
130,23,prior,3,2,10,9.0
131,23,prior,4,4,20,20.0
132,23,prior,5,3,13,24.0
133,24,prior,1,6,20,
134,24,prior,2,6,17,7.0
135,24,prior,3,6,10,11.0
136,24,prior,4,3,16,14.0
137,24,prior,5,0,21,25.0
138,25,prior,1,0,22,
139,25,prior,2,4,19,22.0
140,25,prior,3,6,22,18.0
141,25,prior,4,4,14,8.0
142,25,prior,5,3,21,18.0
143,25,prior,6,2,20,5.0
144,25,prior,7,4,13,29.0
145,26,prior,1,6,15,
146,26,prior,2,0,13,12.0
147,26,prior,3,6,13,16.0
148,26,prior,4,0,14,22.0
149,26,prior,5,5,12,12.0
150,26,prior,6,5,20,4.0
151,26,prior,7,1,21,22.0
152,26,prior,8,2,13,17.0
153,27,prior,1,5,12,
154,27,prior,2,2,20,11.0
155,27,prior,3,5,15,5.0
156,27,prior,4,6,13,19.0
157,27,prior,5,2,16,21.0
158,28,prior,1,5,15,
159,28,prior,2,6,10,16.0
160,28,prior,3,2,11,23.0
161,28,prior,4,6,21,3.0
162,28,prior,5,6,17,16.0
163,28,prior,6,5,8,8.0
164,28,prior,7,1,20,14.0
165,28,prior,8,2,14,30.0
166,29,prior,1,0,9,
167,29,prior,2,4,22,29.0
168,29,prior,3,0,14,4.0
169,29,prior,4,3,13,28.0
170,29,prior,5,1,19,13.0
171,29,prior,6,4,19,29.0
172,30,prior,1,2,18,
173,30,prior,2,4,15,11.0
174,30,prior,3,0,15,13.0
175,30,prior,4,5,15,19.0
176,30,prior,5,2,16,12.0
177,31,prior,1,4,22,
178,31,prior,2,2,8,12.0
179,31,prior,3,1,11,29.0
180,31,prior,4,0,14,13.0
181,31,prior,5,2,12,23.0
182,32,prior,1,3,22,
183,32,prior,2,0,12,21.0
184,32,prior,3,2,10,26.0
185,32,prior,4,0,14,24.0
186,33,prior,1,0,12,
187,33,prior,2,5,9,17.0
188,33,prior,3,1,10,18.0
189,33,prior,4,6,11,24.0
190,34,prior,1,3,9,
191,34,prior,2,1,16,16.0
192,34,prior,3,4,9,4.0
193,34,prior,4,6,10,27.0
194,34,prior,5,4,14,19.0
195,34,prior,6,4,14,29.0
196,34,prior,7,5,20,6.0
197,35,prior,1,0,9,
198,35,prior,2,4,12,10.0
199,35,prior,3,4,17,26.0
200,35,prior,4,5,18,15.0
201,36,prior,1,0,16,
202,36,prior,2,3,21,14.0
203,36,prior,3,3,18,22.0
204,36,prior,4,1,19,6.0
205,36,prior,5,2,12,14.0
206,36,prior,6,0,12,20.0
207,37,prior,1,5,18,
208,37,prior,2,6,18,4.0
209,37,prior,3,5,10,3.0
210,37,prior,4,0,8,20.0
211,37,prior,5,4,10,10.0
212,37,prior,6,0,13,15.0
213,38,prior,1,3,8,
214,38,prior,2,5,20,13.0
215,38,prior,3,1,22,30.0
216,38,prior,4,4,11,21.0
217,38,prior,5,6,9,13.0
218,38,prior,6,3,10,24.0
219,38,prior,7,2,13,6.0
220,39,prior,1,0,10,
221,39,prior,2,0,8,5.0
222,39,prior,3,3,14,27.0
223,39,prior,4,1,10,11.0
224,39,prior,5,2,15,28.0
225,40,prior,1,4,11,
226,40,prior,2,3,21,29.0
227,40,prior,3,4,20,10.0
228,40,prior,4,5,15,25.0
229,40,prior,5,5,12,10.0
230,40,prior,6,4,8,28.0
231,40,prior,7,4,18,24.0
232,41,prior,1,3,20,
233,41,prior,2,2,13,17.0
234,41,prior,3,5,19,17.0
235,41,prior,4,5,11,19.0
236,41,prior,5,6,14,23.0
237,41,prior,6,4,14,15.0
238,42,prior,1,0,20,
239,42,prior,2,2,13,30.0
240,42,prior,3,2,9,8.0
241,42,prior,4,3,18,20.0
242,42,prior,5,2,21,17.0
243,42,prior,6,3,10,5.0
244,42,prior,7,2,20,20.0
245,43,prior,1,6,8,
246,43,prior,2,4,10,28.0
247,43,prior,3,2,19,12.0
248,43,prior,4,6,18,7.0
249,43,prior,5,1,17,23.0
250,44,prior,1,2,15,
251,44,prior,2,6,11,18.0
252,44,prior,3,0,9,23.0
253,44,prior,4,1,21,11.0
254,44,prior,5,5,22,23.0
255,44,prior,6,5,9,25.0
256,44,prior,7,1,17,10.0
257,44,prior,8,0,13,14.0
258,45,prior,1,5,11,
259,45,prior,2,1,20,6.0
260,45,prior,3,1,16,22.0
261,45,prior,4,2,22,13.0
262,45,prior,5,6,9,3.0
263,46,prior,1,4,16,
264,46,prior,2,5,14,26.0
265,46,prior,3,4,17,4.0
266,46,prior,4,4,16,28.0
267,46,prior,5,2,16,5.0
268,46,prior,6,6,17,8.0
269,46,prior,7,6,21,3.0
270,46,prior,8,6,8,20.0
271,47,prior,1,1,20,
272,47,prior,2,2,17,28.0
273,47,prior,3,0,22,16.0
274,47,prior,4,2,8,27.0
275,48,prior,1,0,22,
276,48,prior,2,4,10,23.0
277,48,prior,3,6,14,25.0
278,49,prior,1,0,10,
279,49,prior,2,2,21,6.0
280,49,prior,3,6,21,13.0
281,49,prior,4,2,21,8.0
282,50,prior,1,0,20,
283,50,prior,2,6,14,14.0
284,50,prior,3,0,9,9.0
285,50,prior,4,3,8,15.0
286,50,prior,5,5,12,18.0
287,50,prior,6,5,20,20.0
288,51,prior,1,4,16,
289,51,prior,2,0,20,18.0
290,51,prior,3,6,21,8.0
291,51,prior,4,4,17,7.0
292,51,prior,5,4,15,3.0
293,52,prior,1,4,19,
294,52,prior,2,4,9,13.0
295,52,prior,3,1,18,21.0
296,52,prior,4,5,17,15.0
297,53,prior,1,2,10,
298,53,prior,2,1,11,25.0
299,53,prior,3,0,14,17.0
300,53,prior,4,3,9,28.0
301,53,prior,5,0,9,13.0
302,54,prior,1,0,14,
303,54,prior,2,1,11,16.0
304,54,prior,3,0,14,5.0
305,54,prior,4,5,12,5.0
306,54,prior,5,3,13,8.0
307,54,prior,6,5,13,28.0
308,54,prior,7,3,22,30.0
309,54,prior,8,6,15,8.0
310,55,prior,1,3,11,
311,55,prior,2,4,14,20.0
312,55,prior,3,1,17,21.0
313,55,prior,4,1,12,15.0
314,55,prior,5,5,11,4.0
315,55,prior,6,1,12,26.0
316,55,prior,7,6,16,30.0
317,55,prior,8,1,11,29.0
318,56,prior,1,1,12,
319,56,prior,2,4,15,8.0
320,56,prior,3,0,10,30.0
321,56,prior,4,1,12,22.0
322,56,prior,5,2,18,19.0
323,56,prior,6,2,18,13.0
324,56,prior,7,5,10,26.0
325,56,prior,8,3,14,26.0
326,57,prior,1,5,11,
327,57,prior,2,5,20,20.0
328,57,prior,3,3,20,13.0
329,57,prior,4,3,22,9.0
330,57,prior,5,1,13,30.0
331,57,prior,6,0,15,11.0
332,57,prior,7,4,14,23.0
333,57,prior,8,6,21,19.0
334,58,prior,1,1,9,
335,58,prior,2,3,22,24.0
336,58,prior,3,0,11,10.0
337,58,prior,4,5,18,28.0
338,58,prior,5,5,9,23.0
339,59,prior,1,0,16,
340,59,prior,2,5,16,11.0
341,59,prior,3,4,11,27.0
342,59,prior,4,1,19,18.0
343,59,prior,5,6,16,5.0
344,59,prior,6,2,15,4.0
345,60,prior,1,2,14,
346,60,prior,2,5,18,8.0
347,60,prior,3,0,14,15.0
348,60,prior,4,3,22,21.0
349,60,prior,5,0,22,16.0
350,60,prior,6,3,13,24.0
351,60,prior,7,6,15,13.0
352,60,prior,8,6,11,5.0
353,61,prior,1,3,14,
354,61,prior,2,6,17,22.0
355,61,prior,3,6,15,13.0
356,62,prior,1,4,13,
357,62,prior,2,6,19,26.0
358,62,prior,3,5,13,6.0
359,62,prior,4,4,22,16.0
360,62,prior,5,2,14,13.0
361,62,prior,6,1,17,25.0
362,62,prior,7,4,17,24.0
363,63,prior,1,0,11,
364,63,prior,2,2,21,17.0
365,63,prior,3,1,16,28.0
366,63,prior,4,1,17,30.0
367,63,prior,5,5,9,8.0
368,63,prior,6,4,12,7.0
369,63,prior,7,0,10,13.0
370,63,prior,8,6,16,8.0
371,64,prior,1,1,20,
372,64,prior,2,6,9,15.0
373,64,prior,3,2,22,23.0
374,64,prior,4,5,9,9.0
375,64,prior,5,0,15,25.0
376,65,prior,1,3,14,
377,65,prior,2,5,21,5.0
378,65,prior,3,3,21,24.0
379,65,prior,4,5,14,28.0
380,65,prior,5,2,11,26.0
381,66,prior,1,0,10,
382,66,prior,2,1,18,23.0
383,66,prior,3,3,15,13.0
384,66,prior,4,6,11,25.0
385,67,prior,1,0,10,
386,67,prior,2,0,16,11.0
387,67,prior,3,4,8,24.0
388,67,prior,4,1,17,21.0
389,67,prior,5,0,12,14.0
390,67,prior,6,3,22,4.0
391,67,prior,7,4,16,21.0
392,68,prior,1,4,14,
393,68,prior,2,1,9,19.0
394,68,prior,3,6,13,26.0
395,68,prior,4,4,10,23.0
396,69,prior,1,2,22,
397,69,prior,2,1,15,22.0
398,69,prior,3,3,17,21.0
399,69,prior,4,0,8,9.0
400,70,prior,1,4,21,
401,70,prior,2,6,8,25.0
402,70,prior,3,6,9,12.0
403,70,prior,4,2,9,7.0
404,70,prior,5,4,20,20.0
405,70,prior,6,6,21,24.0
406,70,prior,7,1,16,15.0
407,71,prior,1,4,14,
408,71,prior,2,0,17,4.0
409,71,prior,3,1,21,24.0
410,71,prior,4,1,9,11.0
411,71,prior,5,2,21,11.0
412,71,prior,6,1,14,19.0
413,72,prior,1,6,16,
414,72,prior,2,6,15,24.0
415,72,prior,3,3,13,19.0
416,73,prior,1,4,12,
417,73,prior,2,1,11,9.0
418,73,prior,3,5,18,18.0
419,73,prior,4,3,11,27.0
420,74,prior,1,4,15,
421,74,prior,2,1,16,11.0
422,74,prior,3,3,14,9.0
423,74,prior,4,6,11,20.0
424,74,prior,5,6,18,19.0
425,74,prior,6,6,12,18.0
426,74,prior,7,2,16,20.0
427,74,prior,8,2,13,24.0
428,75,prior,1,0,10,
429,75,prior,2,6,21,14.0
430,75,prior,3,3,9,6.0
431,76,prior,1,4,20,
432,76,prior,2,5,22,15.0
433,76,prior,3,0,18,14.0
434,76,prior,4,5,19,23.0
435,76,prior,5,2,10,12.0
436,76,prior,6,2,15,20.0
437,77,prior,1,6,12,
438,77,prior,2,1,12,5.0
439,77,prior,3,1,10,12.0
440,77,prior,4,5,17,18.0
441,77,prior,5,0,12,11.0
442,77,prior,6,3,11,13.0
443,78,prior,1,0,16,
444,78,prior,2,5,8,9.0
445,78,prior,3,2,15,23.0
446,78,prior,4,0,10,28.0
447,78,prior,5,2,20,5.0
448,78,prior,6,2,18,7.0
449,79,prior,1,1,12,
450,79,prior,2,1,17,8.0
451,79,prior,3,4,13,17.0
452,79,prior,4,4,21,14.0
453,79,prior,5,0,9,19.0
454,79,prior,6,1,9,18.0
455,79,prior,7,0,13,10.0
456,79,prior,8,4,8,26.0
457,80,prior,1,5,11,
458,80,prior,2,0,10,28.0
459,80,prior,3,2,22,13.0
460,81,prior,1,3,8,
461,81,prior,2,2,8,12.0
462,81,prior,3,0,15,14.0
463,81,prior,4,6,12,5.0
464,81,prior,5,0,20,4.0
465,81,prior,6,2,16,4.0
466,82,prior,1,6,17,
467,82,prior,2,4,14,11.0
468,82,prior,3,6,10,18.0
469,82,prior,4,5,22,21.0
470,82,prior,5,2,11,13.0
471,82,prior,6,0,22,29.0
472,83,prior,1,4,22,
473,83,prior,2,3,8,13.0
474,83,prior,3,5,19,24.0
475,83,prior,4,1,8,12.0
476,84,prior,1,5,12,
477,84,prior,2,3,21,22.0
478,84,prior,3,3,19,8.0
479,84,prior,4,1,16,11.0
480,84,prior,5,4,12,10.0
481,84,prior,6,3,11,21.0
482,85,prior,1,5,10,
483,85,prior,2,1,13,29.0
484,85,prior,3,5,22,29.0
485,85,prior,4,4,11,10.0
486,86,prior,1,6,17,
487,86,prior,2,3,20,3.0
488,86,prior,3,5,13,30.0
489,86,prior,4,3,15,29.0
490,86,prior,5,4,14,19.0
491,86,prior,6,2,20,29.0
492,86,prior,7,0,19,19.0
493,87,prior,1,2,15,
494,87,prior,2,0,12,13.0
495,87,prior,3,4,19,15.0
496,87,prior,4,6,19,4.0
497,87,prior,5,4,20,11.0
498,87,prior,6,4,22,18.0
499,88,prior,1,4,17,
500,88,prior,2,0,10,7.0
501,88,prior,3,5,17,29.0
502,89,prior,1,0,20,
503,89,prior,2,1,9,25.0
504,89,prior,3,4,19,23.0
505,90,prior,1,6,10,
506,90,prior,2,2,13,20.0
507,90,prior,3,2,16,20.0
508,90,prior,4,2,21,13.0
509,90,prior,5,6,16,12.0
510,90,prior,6,2,14,23.0
511,91,prior,1,3,22,
512,91,prior,2,0,13,28.0
513,91,prior,3,6,15,19.0
514,92,prior,1,6,16,
515,92,prior,2,2,22,4.0
516,92,prior,3,1,12,11.0
517,93,prior,1,2,12,
518,93,prior,2,4,22,13.0
519,93,prior,3,5,17,21.0
520,93,prior,4,0,15,12.0
521,93,prior,5,6,21,13.0
522,93,prior,6,6,13,22.0
523,93,prior,7,4,11,20.0
524,94,prior,1,4,20,
525,94,prior,2,4,9,29.0
526,94,prior,3,0,11,29.0
527,94,prior,4,3,17,21.0
528,94,prior,5,4,16,15.0
529,94,prior,6,0,21,12.0
530,95,prior,1,3,14,
531,95,prior,2,1,12,30.0
532,95,prior,3,5,14,7.0
533,95,prior,4,4,10,17.0
534,95,prior,5,3,22,20.0
535,95,prior,6,4,9,19.0
536,95,prior,7,4,22,18.0
537,95,prior,8,4,8,24.0
538,96,prior,1,1,17,
539,96,prior,2,6,10,11.0
540,96,prior,3,1,17,29.0
541,96,prior,4,1,17,26.0
542,96,prior,5,2,15,26.0
543,97,prior,1,5,8,
544,97,prior,2,2,12,11.0
545,97,prior,3,6,18,26.0
546,97,prior,4,4,8,24.0
547,97,prior,5,4,9,24.0
548,97,prior,6,4,18,6.0
549,97,prior,7,5,20,23.0
550,98,prior,1,2,20,
551,98,prior,2,2,21,11.0
552,98,prior,3,5,15,6.0
553,99,prior,1,0,9,
554,99,prior,2,3,10,23.0
555,99,prior,3,5,13,15.0
556,100,prior,1,4,22,
557,100,prior,2,6,15,27.0
558,100,prior,3,0,18,25.0
559,100,prior,4,0,19,21.0
560,100,prior,5,0,8,13.0
561,100,prior,6,1,20,23.0
562,100,prior,7,1,19,23.0
