product_id,product_name,aisle_id,department_id,price,rating,review_count,brand,description
1,Apple iPhone 16 Pro Max 256GB - Natural Titanium with 48MP Camera & A18 Pro Chip,101,1,1199.0,4.9,1840,Apple,"Grade 5 titanium aerospace design, 6.9-inch Super Retina XDR OLED 120Hz ProMotion display, Camera Control button, 48MP Fusion sensor with 5x optical telephoto, A18 Pro 3nm chipset with Apple Intelligence, 33-hour battery life, USB-C 3.2 Gen 2 (10Gbps)."
2,Samsung Galaxy S24 Ultra 512GB - Titanium Black with Built-in S Pen & Galaxy AI,101,1,1299.99,4.8,1420,Samsung,"6.8-inch Dynamic AMOLED 2X 120Hz flat display with anti-reflective Corning Gorilla Armor, integrated S Pen stylus, Snapdragon 8 Gen 3 for Galaxy, 200MP wide sensor with Quad Telephoto system (5x & 10x optical quality), 5000mAh battery with 45W fast charge, 7 years OS updates."
3,Google Pixel 9 Pro XL 256GB - Hazel with Tensor G4 & Gemini Nano AI,101,1,1099.0,4.7,910,Google,"6.8-inch Super Actua LTPO OLED 3000 nits peak brightness, Google Tensor G4 with 16GB RAM for on-device Gemini AI, pro triple rear camera system with 50MP main and 48MP 5x telephoto, 42MP autofocus selfie camera, satellite SOS, 7 years feature drops and OS updates."
4,OnePlus 12 256GB - Silky Black with 100W SuperVOOC Fast Charging & Hasselblad Camera,101,1,799.99,4.6,680,OnePlus,"Snapdragon 8 Gen 3 flagship with Dual Cryo-velocity VC cooling, 5400mAh dual-cell battery with 80W US / 100W global fast charging and 50W wireless AIRVOOC, 6.82-inch 2K ProXDR 120Hz display, 4th Gen Hasselblad camera with 64MP 3x periscope zoom."
5,Apple iPhone 16 128GB - Ultramarine with A18 Chip & Camera Control,101,1,799.0,4.8,1150,Apple,"Color-infused back glass with aerospace-grade aluminum, Action Button, Camera Control, 48MP 2-in-1 Fusion camera with 2x optical-quality telephoto, spatial photo/video capture for Apple Vision Pro, A18 3nm silicon, Ceramic Shield front."
6,Google Pixel 8a 128GB - Bay Blue with Tensor G3 & Best Take AI,101,1,499.0,4.6,890,Google,"Mid-range champion featuring Google Tensor G3, 6.1-inch Actua 120Hz OLED screen, 64MP dual camera with Magic Eraser and Best Take, IP67 water/dust resistance, all-day 24h battery life, and 7 years of Android OS and security updates."
7,Samsung Galaxy Z Fold 6 512GB - Silver Shadow with S Pen Support & Dual Screen,101,1,1899.99,4.6,520,Samsung,"Ultra-slim book-style foldable with 7.6-inch Dynamic AMOLED 2X 2600 nits inner screen and 6.3-inch outer cover screen, Armor Aluminum frame, Snapdragon 8 Gen 3, IP48 water resistance, multitasking Flex Mode, and Note Assist AI."
8,Samsung Galaxy Z Flip 6 256GB - Mint with 3.4-inch Flex Window & 50MP Camera,101,1,1099.99,4.7,640,Samsung,"Compact clamshell folding phone featuring 3.4-inch Super AMOLED FlexWindow cover display with widget controls, 50MP main sensor with FlexCam auto zoom, 4000mAh battery with vapor chamber cooling, and Armor Aluminum hinge."
9,Motorola Razr+ 2024 256GB - Midnight Blue with 4.0-inch Full-Function External OLED,101,1,899.99,4.5,310,Motorola,"Flip smartphone featuring massive 4.0-inch 165Hz pOLED cover display capable of running any full app, Snapdragon 8s Gen 3, 50MP telephoto zoom, vegan leather finish, IPX8 underwater protection, and 45W TurboPower charging."
10,Sony Xperia 1 VI 256GB - Platinum Silver with True Optical Continuous Zoom 85-170mm,101,1,1399.0,4.5,210,Sony,"Audiophile and creator phone featuring 3.5mm headphone jack, dedicated two-stage camera shutter button, 85-170mm true continuous optical telephoto zoom, telephoto macro mode, Bravia-tuned OLED 120Hz display, and 2-day battery life."
11,Apple iPad Pro 13-inch M4 OLED Ultra Retina XDR 256GB Space Black,102,1,1299.0,4.9,720,Apple,"5.1mm ultra-thin chassis, Tandem OLED Ultra Retina XDR display with 1600 nits peak HDR brightness and 2,000,000:1 contrast ratio, M4 10-core GPU chip with hardware-accelerated ray tracing, Apple Pencil Pro barrel roll and haptic support, Thunderbolt / USB 4."
12,Apple iPad Air 11-inch M2 Liquid Retina Display 128GB Starlight,102,1,599.0,4.8,1100,Apple,"High-versatility tablet driven by Apple M2 silicon, 11-inch Liquid Retina True Tone P3 wide color display, landscape 12MP Center Stage front camera, Touch ID top button, Wi-Fi 6E, compatible with Magic Keyboard and Apple Pencil Pro."
13,Amazon Kindle Paperwhite Signature Edition 32GB Waterproof with Auto-Light,102,1,189.99,4.8,4890,Amazon,"6.8-inch 300 ppi glare-free e-ink screen, auto-adjusting warm light for night reading, IPX8 waterproof rating for beach and bathtub reading, Qi wireless charging, up to 10 weeks battery life on single USB-C charge, 32GB storage for thousands of audiobooks and books."
14,Samsung Galaxy Tab S9 Ultra 14.6-inch Dynamic AMOLED 2X 256GB with S-Pen,102,1,1199.99,4.7,540,Samsung,"Massive 14.6-inch Dynamic AMOLED 2X 120Hz display with Vision Booster, IP68 water/dust resistance for tablet and bundled low-latency S Pen, Snapdragon 8 Gen 2 for Galaxy, Samsung DeX desktop computing mode, quad AKG Dolby Atmos speakers."
15,reMarkable 2 Digital Paper E-Ink Tablet with Marker Plus and Folio,102,1,449.0,4.7,1340,reMarkable,"Distraction-free digital notebook with 10.3-inch monochrome CANVAS paper display, ultra-low latency writing experience mimicking real pen on textured paper, 4.7mm thickness, PDF annotation, handwriting-to-text conversion, 2-week battery life."
16,Apple Watch Ultra 2 49mm Titanium GPS+Cellular with Sapphire Crystal & Depth Gauge,103,1,799.0,4.9,2100,Apple,"Aerospace titanium 49mm case, 3000-nit flat sapphire display, S9 SiP with Double Tap gesture, precision dual-frequency GPS (L1 and L5), 100m water resistance with EN13319 dive computer certification and depth gauge, 36-hour normal / 72-hour low power battery life, 86dB emergency siren."
17,Apple Watch Series 10 46mm Jet Black Aluminum with ECG & Sleep Apnea Detection,103,1,429.0,4.8,1650,Apple,"Thinnest Apple Watch ever with 40% brighter wide-angle OLED display, S10 SiP chip, sleep apnea notifications, ECG app, blood oxygen sensing, wrist temperature tracking, water depth to 6 meters, fast charging to 80% in 30 minutes."
18,Garmin Fenix 8 AMOLED 51mm Multi-Sport GPS Smartwatch with Diving & Mic,103,1,1099.99,4.9,890,Garmin,"Premium multi-sport watch with 1.4-inch vibrant AMOLED display, titanium bezel, leakproof inductive buttons, 40-meter dive rating, built-in speaker and mic for voice commands, LED flashlight, TopoActive multi-continent maps, up to 29 days battery life in smartwatch mode."
19,Samsung Galaxy Watch Ultra 47mm Titanium Grey with Dual-Frequency GPS & BioActive Sensor,103,1,649.99,4.7,780,Samsung,"Rugged Grade 4 titanium cushion design, 3000 nits sapphire display, 10ATM / IP68 water resistance, dual-frequency GPS, Energy Score powered by Galaxy AI, sleep apnea detection, 3nm processor, up to 100 hours power saving mode."
20,Oura Ring Gen 3 Horizon Smart Ring - Stealth Matte Finish with Sleep & HRV Tracking,103,1,399.0,4.6,3200,Oura,"Sleek titanium smart ring with medical-grade sensors measuring heart rate, heart rate variability (HRV), skin temperature deviations, blood oxygen (SpO2), readiness score, and comprehensive sleep stages with up to 7 days battery."
21,Google Nest Learning Thermostat 4th Gen with Polished Obsidian Bezel & Dynamic Farsight,104,1,279.99,4.8,840,Google Nest,"Domed borderless glass display with Dynamic Farsight clock/weather, intelligent energy saving AI schedules, Matter smart home protocol support, bundled Nest Temperature Sensor Gen 2, multi-stage HVAC compatibility."
22,Ring Battery Doorbell Pro with 3D Motion Detection & Bird's Eye View 1536p HD,104,1,229.99,4.7,1820,Ring,"Head-to-Toe 1536p HD video doorbell with radar-powered 3D Motion Detection, Bird's Eye Zones, color night vision, low-light vision, two-way audio with Audio+ noise cancellation, quick-release rechargeable battery."
23,Philips Hue White and Color Ambiance A19 Smart LED Bulb Starter Kit (4-Pack with Bridge),104,1,199.99,4.8,3410,Philips Hue,"16 million vibrant colors and warm-to-cool white light (2000K-6500K), Zigbee & Matter hub included, syncs with movies, gaming (Razer Chroma), and Spotify music, scheduled sunrise wake-up automation, voice assistant compatible."
24,Eufy Security eufyCam S330 (Cam 3) 4K Solar Wireless Outdoor Security Camera 2-Cam Kit,104,1,549.99,4.7,920,Eufy,"4K Ultra HD cameras with integrated solar panels needing only 2 hours daily sun for infinite power, BionicMind on-device facial recognition AI, HomeBase 3 with expandable local storage up to 16TB, zero monthly subscription fees."
25,"Anker Prime 27,650mAh Power Bank (250W Multi-Port Fast Output) with Smart Display",105,1,179.99,4.9,1420,Anker,"Airline-approved 99.54Wh battery pack delivering single-port 140W PD 3.1 or multi-port 250W simultaneous charge, digital color display showing real-time wattages and health, Bluetooth app control, recharges fully in 37 minutes."
26,Anker 3-in-1 MagSafe Foldable Wireless Charger Stand with 15W Qi2 Fast Charging,105,1,89.99,4.8,2150,Anker,"Compact foldable travel charging station certified for Qi2 15W magnetic fast wireless charging for iPhone, dedicated Apple Watch fast charger, and 5W wireless AirPods pad, includes 40W USB-C wall brick and braided cable."
27,UGREEN Nexode 300W 5-Port GaN Desktop Fast Charger with Dual 140W Laptop Power,105,1,199.99,4.8,670,UGREEN,"Heavy-duty GaNFast desktop power station with 4 USB-C ports and 1 USB-A port, capable of powering two 16-inch MacBooks at 140W each simultaneously, Thermal Guard 2.0 temperature protection, compact vertical footprint."
28,"Apple MacBook Pro 16-inch M3 Max (16-core CPU, 40-core GPU, 48GB RAM, 1TB SSD) Space Black",201,2,3499.0,4.9,920,Apple,"Heavyweight mobile workstation for 3D rendering, 8K video editing, and ML development. 16.2-inch Liquid Retina XDR display with 1600 nits peak HDR brightness and ProMotion 120Hz, M3 Max 3nm chip with hardware ray tracing, 48GB unified memory, 22-hour battery life, 3x Thunderbolt 4, HDMI 2.1, SDXC slot."
29,"Apple MacBook Air 13-inch M3 (8-core CPU, 10-core GPU, 16GB RAM, 512GB SSD) Midnight",201,2,1299.0,4.9,2400,Apple,"Ultraportable fanless aluminum laptop weighing 2.7 lbs, M3 chip with support for dual external displays with laptop lid closed, 13.6-inch Liquid Retina display with 500 nits, MagSafe 3 charging, 18 hours battery life, 1080p FaceTime HD camera."
30,"Dell XPS 16 9640 Laptop OLED 4K (Intel Core Ultra 9 185H, 32GB RAM, 1TB SSD, RTX 4070)",201,2,2799.99,4.6,480,Dell,"Machined aluminum and CNC glass chassis, 16.3-inch 4K+ (3840x2400) InfinityEdge OLED touchscreen with 100% DCI-P3 color accuracy, Intel Core Ultra 9 processor with dedicated NPU for AI, NVIDIA GeForce RTX 4070 8GB GDDR6, capacitive touch function row, invisible glass haptic touchpad."
31,"Lenovo ThinkPad X1 Carbon Gen 12 (Intel Core Ultra 7 155H, 32GB RAM, 1TB SSD) Ultralight",201,2,1949.0,4.8,610,Lenovo,"Iconic enterprise business laptop weighing just 2.42 lbs with carbon fiber top cover, legendary tactile ThinkPad keyboard with TrackPoint, 14-inch 2.8K OLED 120Hz anti-glare display, MIL-STD-810H durability certified, dual Thunderbolt 4 ports, Wi-Fi 7."
32,"ASUS ROG Zephyrus G16 Gaming Laptop OLED (Intel Core Ultra 9, RTX 4080, 32GB RAM, 2TB SSD)",201,2,2699.99,4.8,590,ASUS,"Ultra-slim 1.95kg CNC aluminum gaming laptop, 16-inch 2.5K 240Hz 0.2ms ROG Nebula OLED display with G-SYNC, NVIDIA GeForce RTX 4080 12GB laptop GPU, Slash Lighting customizable lid LED array, vapor chamber cooling, 90Wh fast-charge battery."
33,"Razer Blade 14 Compact Gaming Laptop (AMD Ryzen 9 8945HS, RTX 4070, 32GB DDR5, 1TB SSD)",201,2,2399.99,4.7,410,Razer,"Anodized CNC matte black aluminum unibody, 14-inch QHD+ 240Hz 16:10 display, AMD Ryzen 9 processor with Ryzen AI NPU, RTX 4070 GPU, expandable dual-channel DDR5 memory, per-key RGB Chroma lighting, vapor chamber cooling."
34,LG UltraGear 34GS95QE 34-inch Curved OLED 240Hz 0.03ms WQHD Gaming Monitor 800R,202,2,999.99,4.8,620,LG,"Immersive 800R curved 34-inch WQHD (3440 x 1440) Ultra-Gear OLED panel, blisteringly fast 240Hz refresh rate and 0.03ms (GtG) response time, VESA DisplayHDR True Black 400, 98.5% DCI-P3 color gamut, NVIDIA G-SYNC Compatible and AMD FreeSync Premium Pro, HDMI 2.1 & DisplayPort 1.4."
35,Dell UltraSharp 32-inch 4K Thunderbolt 4 Hub Monitor (U3224KB) 6K IPS Black,202,2,1499.99,4.7,310,Dell,"Professional creator monitor with 6K (6144 x 3456) resolution and IPS Black technology providing 2000:1 contrast ratio, built-in 4K HDR Sony STARVIS dual-gain webcam, echo-canceling dual mics, 140W Thunderbolt 4 pass-through charging, 99% DCI-P3."
36,ASUS ProArt Display 27-inch 4K HDR Color-Accurate Professional Monitor (PA279CRV),202,2,499.0,4.8,1120,ASUS,"Calman Verified factory pre-calibrated 4K UHD (3840 x 2160) IPS display with Delta E < 2 color accuracy, 99% DCI-P3 and 99% Adobe RGB coverage, 96W USB-C single cable power and video delivery, ergonomic swivel, tilt, pivot, and height-adjustable stand."
37,Sony PlayStation 5 Pro Console 2TB SSD with Spectral Super Resolution (PSSR) 4K Ray Tracing,203,2,699.99,4.7,870,Sony PlayStation,"Upgraded PS5 Pro GPU with 67% more Compute Units, advanced ray tracing performance up to 3x faster, AI-driven PlayStation Spectral Super Resolution (PSSR) upscaling for smooth 60fps and 120fps 4K gaming, 2TB high-speed NVMe internal storage, Wi-Fi 7."
38,Nintendo Switch OLED Model - White Joy-Con with 7-inch Vibrant Screen & 64GB,203,2,349.99,4.9,9400,Nintendo,"Hybrid home console and handheld gaming system featuring 7-inch OLED multi-touch display with vivid colors and deep blacks, wide adjustable tabletop kickstand, dock with wired LAN ethernet port, enhanced onboard audio, 64GB internal storage."
39,Steam Deck OLED 1TB Handheld PC Gaming Console with 90Hz HDR Screen & Anti-Glare Glass,203,2,649.0,4.9,3100,Valve,"Portable PC gaming powerhouse with 7.4-inch 90Hz HDR OLED display delivering 1000 nits peak brightness, etched anti-glare glass, 50Wh battery for 3-12 hours of gameplay, Wi-Fi 6E, redesigned thumbsticks with trackpads and gyro controls, SteamOS library access."
40,Keychron Q1 Pro Wireless Custom Mechanical Keyboard 75% CNC Aluminum with Gateron Jupiter,204,2,199.99,4.8,920,Keychron,"Full CNC machined 6063 aluminum body, double-gasket acoustic mounting design, hot-swappable switch sockets, Bluetooth 5.1 & Type-C wired connection, QMK/VIA programmable layout, South-facing RGB backlighting, compatible with macOS and Windows."
41,Logitech MX Master 3S Wireless Performance Mouse with 8K DPI Sensor & Quiet Clicks,204,2,99.99,4.9,5200,Logitech,"Ergonomic master mouse with MagSpeed electromagnetic scroll wheel scrolling 1000 lines per second, 8000 DPI Darkfield tracking on glass, 90% quieter clicks, thumb gesture button and horizontal thumb wheel, multi-device Logitech Flow cross-computer control."
42,Logitech G PRO X SUPERLIGHT 2 Wireless Ultra-Lightweight Gaming Mouse 60g 32K DPI,204,2,159.99,4.8,1410,Logitech G,"Pro esports wireless mouse weighing only 60 grams, LIGHTFORCE hybrid optical-mechanical switches, HERO 2 sensor with 32000 DPI and over 500 IPS tracking, 2000Hz polling rate, zero-additive PTFE glide feet, 95 hours continuous battery life."
43,Samsung T9 Portable SSD 2TB Rugged External NVMe Drive USB 3.2 Gen 2x2 (2000MB/s),205,2,219.99,4.8,1820,Samsung,"Pocket-sized rugged SSD with up to 2000MB/s sequential read/write speeds over USB 3.2 Gen 2x2, rubberized non-slip exterior protecting against drops up to 3 meters, Dynamic Thermal Guard prevents overheating during massive video transfers."
44,CalDigit TS4 Thunderbolt 4 18-Port Dock Station with 98W Charging & Dual 4K 60Hz,205,2,399.95,4.8,980,CalDigit,"Ultimate desktop dock with 18 ports including 3x Thunderbolt 4, 5x USB-A, 3x USB-C (up to 20W), 2.5 Gigabit Ethernet, DisplayPort 1.4, SD/microSD UHS-II readers, dual audio jacks, and 98W host laptop fast charging."
45,Sony WH-1000XM5 Wireless Industry-Leading Noise Cancelling Headphones with Auto NC Optimizer,301,3,398.0,4.8,4200,Sony,"Two processors and 8 microphones for world-class active noise cancellation, custom 30mm carbon fiber composite driver, LDAC high-res audio codec, 4 beamforming microphones with AI noise reduction for crystal calls, 30 hours battery life with 3 min quick charge for 3 hours."
46,Bose QuietComfort Ultra Headphones with Spatial Audio & CustomTune Sound Calibration,301,3,429.0,4.7,2150,Bose,"Breakthrough Bose Immersive Audio spatial sound, world-class active noise cancelling with CustomTune technology tailoring sound to individual ear shape, plush protein leather earcups, 24 hours battery life, multipoint Bluetooth 5.3 connection."
47,Apple AirPods Max (USB-C) Over-Ear Headphones with Personalized Spatial Audio - Midnight,301,3,549.0,4.7,2890,Apple,"Knit mesh canopy headband with anodized aluminum earcups, Apple-designed 40mm dynamic driver, dual H1 chips for computational audio, pro-level Active Noise Cancellation with Transparency mode, USB-C lossless audio input and charging, 20 hours battery life."
48,Sennheiser Momentum 4 Wireless Audiophile Headphones with 60-Hour Battery Life,301,3,299.95,4.6,1640,Sennheiser,"Signature Sennheiser sound driven by 42mm audiophile-inspired transducer system, adaptive active noise cancellation with adjustable transparency mode, industry-dominating 60-hour battery life on a single charge, aptX Adaptive codec support."
49,Apple AirPods Pro 2 Wireless Earbuds with USB-C MagSafe Case & Active Noise Cancellation,302,3,249.0,4.9,6800,Apple,"H2 chip providing up to 2x more Active Noise Cancellation, Adaptive Audio dynamically blending ANC and Transparency based on noise environment, Conversation Awareness, personalized spatial audio with dynamic head tracking, IP54 dust/sweat/water resistance, hearing aid clinical feature."
50,Sony WF-1000XM5 True Wireless Noise Cancelling Earbuds with Dynamic Driver X,302,3,299.99,4.6,2100,Sony,"Integrated Processor V2 and QN2e HD noise cancelling processor, Dynamic Driver X for wide frequency reproduction and rich vocals, bone conduction sensors for wind-noise-free clear calls, polyurethane foam ear tips, LDAC support, IPX4 water resistance."
51,Bose QuietComfort Ultra Wireless Earbuds with Immersive Spatial Audio,302,3,299.0,4.6,1720,Bose,"Unrivaled in-ear active noise cancellation with CustomTune audio calibration to ear canal acoustics, revolutionary spatial audio, umbrella-shaped soft silicone ear tips with stability bands, touch controls, IPX4 sweat and weather resistance."
52,JBL Charge 5 Portable Waterproof Bluetooth Speaker with Built-in Powerbank (IP67),303,3,179.95,4.8,5100,JBL,"Optimized long excursion driver, separate tweeter, and dual pumping JBL bass radiators, IP67 waterproof and dustproof for pool, beach, and rain, up to 20 hours playtime, integrated USB powerbank to charge smartphones on the go, PartyBoost pairing."
53,Sonos Roam 2 Ultra-Portable Smart Waterproof Bluetooth and Wi-Fi Speaker,303,3,179.0,4.7,1280,Sonos,"Compact speaker seamlessly switching between Bluetooth outdoor audio and home Wi-Fi multiroom network, Automatic Trueplay tuning adapting sound to surroundings, IP67 waterproof (submersible up to 3 feet for 30 minutes), 10 hours battery life."
54,Ultimate Ears MEGABOOM 3 360-Degree Deep Bass Wireless Speaker (Waterproof & Floats),303,3,199.99,4.7,3400,Ultimate Ears,"Immersive 360-degree room-filling sound with thundering deep bass, IP67 water and dustproof that actually floats in pool water, Magic Button to play/pause/skip tracks, rugged two-tone performance fabric, 20 hours battery life."
55,Sonos Arc Premium Smart Soundbar with Dolby Atmos & Speech Enhancement,304,3,899.0,4.8,2980,Sonos,"Eleven high-performance drivers including upward-firing elliptical woofers delivering immersive 3D Dolby Atmos soundstage, tuned by Oscar-winning sound engineers, Speech Enhancement for crystal-clear TV dialogue, HDMI eARC, Apple AirPlay 2."
56,Bose Smart Ultra Soundbar with Dolby Atmos & A.I. Dialogue Mode,304,3,899.0,4.7,1420,Bose,"Nine speakers including two upward-firing dipole transducers, TrueSpace spatial processing upmixing non-Atmos content, AI Dialogue Mode automatically balancing vocal clarity over background action explosions, HDMI eARC, Wi-Fi and Bluetooth."
57,Breville Barista Touch Impress Espresso Machine with Auto MilQ and Assisted Tamping,401,4,1499.95,4.9,860,Breville,"All-in-one home barista station featuring intuitive touchscreen walkthrough, Impress Puck System with 7-degree barista twist and 22 lbs assisted tamping, Auto MilQ hands-free microfoam texturing with settings for oat, almond, and dairy milk, ThermoJet 3-second rapid heat-up."
58,Fellow Ode Gen 2 Electric Brew Coffee Grinder with 64mm Flat Burrs & Antistatic,401,4,345.0,4.8,1250,Fellow,"Precision cafe-grade single-dose home grinder engineered specifically for pour-over, drip, and French press. 64mm professional stainless steel flat burrs, 31 stepped grind settings, ion technology drastically reducing static mess, quiet auto-stop motor."
59,De'Longhi Magnifica S Fully Automatic Bean-to-Cup Espresso and Cappuccino Machine,401,4,649.95,4.7,3100,De'Longhi,"Compact bean-to-cup machine grinding fresh coffee beans at the touch of a button with 13 adjustable settings, 15-bar pressure pump, manual traditional milk frother steam wand for creamy cappuccinos, removable brew unit for effortless cleaning."
60,Ninja Speedi Rapid Cooker & Air Fryer 6-Quart 12-in-1 (Meals in 15 Minutes),402,4,199.99,4.8,2780,Ninja,"Speedi Rapid Cooker system simultaneously steams base grains/pastas and air-crisps proteins in one 6-quart pot in under 15 minutes, 12 versatile functions including steam & crisp, proof, bake, dehydrate, and sear/saute, non-stick ceramic pot."
61,Vitamix A3500 Ascent Series Smart Professional-Grade Blender with Touchscreen & Timers,402,4,699.95,4.9,2940,Vitamix,"Commercial-grade 2.2 peak HP motor, laser-cut hardened stainless steel aircraft blades, 5 program presets (smoothies, hot soups, dips, frozen desserts, self-cleaning), programmable countdown digital timer, Self-Detect container technology, 10-year warranty."
62,Cosori TurboBlaze 6.0-Quart Air Fryer with DC Motor Tech & 9 Cooking Functions,402,4,119.99,4.7,1890,Cosori,"Energy-efficient brushless DC motor with 5 fan speed controls cooking food up to 46% faster, wide temperature range from 90°F (dehydrating/fermenting) up to 450°F (crisp broiling), nonstick dishwasher-safe basket."
63,Le Creuset Enameled Cast Iron Signature Round Dutch Oven 5.5 Qt - Cerise Red,403,4,419.95,4.9,3800,Le Creuset,"Handcrafted in France since 1925, superior heat distribution and retention, durable sand-colored interior enamel resisting chipping and dulling, tight-fitting lid with heat-resistant composite knob safe up to 500°F, induction and oven compatible."
64,Shun Classic 8-inch Chef's Knife Japanese VG-MAX Damascus Steel (Handcrafted in Japan),403,4,169.95,4.9,2450,Shun,"Proprietary VG-MAX cutting core clad with 34 micro-layers of Damascus stainless steel on each side, razor-sharp 16-degree double-bevel cutting edge, moisture-resistant D-shaped Pakkawood handle providing comfortable grip and balance."
65,Roborock S8 Pro Ultra Robot Vacuum and Mop with RockDock All-in-One Auto Clean Station,404,4,1399.99,4.8,1100,Roborock,"RockDock Ultra automatically washes mop, hot-air dries, empties dustbin for up to 7 weeks, and refills water tank. 6000Pa intense suction, DuoRoller Riser dual rubber brushes resisting hair tangles, VibraRise 2.0 sonic mopping scrubbing at 3000 times/min, Reactive 3D obstacle avoidance."
66,Dyson V15 Detect Cordless Vacuum Cleaner with Fluffy Optic Laser & Piezo Dust Sensor,404,4,749.99,4.8,2890,Dyson,"Fluffy Optic cleaner head illuminates microscopic dust on hard floors, acoustic piezo sensor counts and measures dust particles automatically increasing suction power when needed, LCD screen shows proof of deep clean, up to 60 minutes runtime."
67,Dyson Purifier Hot+Cool Formaldehyde HP09 Smart Air Purifier Heater & Fan,405,4,799.99,4.7,1420,Dyson,"Solid-state formaldehyde sensor permanently destroys formaldehyde molecules, fully sealed HEPA H13 filtration capturing 99.97% of particles down to 0.3 microns, Air Multiplier technology projecting purified heat or cool air across the whole room, 350-degree oscillation."
68,Levoit Core 400S Smart True HEPA Air Purifier for Large Rooms with Real-Time PM2.5,405,4,219.99,4.8,4600,Levoit,"VortexAir Technology cleans rooms up to 1,980 sq ft in one hour, H13 True HEPA 3-stage filtration with activated carbon filter trapping pet odors, smoke, and pollen, AirSight Plus laser dust sensor detects real-time air quality on color display, works with Alexa."
69,Arc'teryx Beta AR Waterproof GORE-TEX PRO Jacket (All-Round Alpine Shell),501,5,600.0,4.9,780,Arc'teryx,"Rugged alpine shell constructed with most breathable GORE-TEX PRO Most Rugged technology, DropHood helmet-compatible storm hood with internal collar, WaterTight pit zips for ventilation, articulated patterning for athletic movement, RECCO avalanche reflector."
70,Patagonia Down Sweater Hoody Lightweight 800-Fill-Power Recycled Goose Down,501,5,329.0,4.9,2100,Patagonia,"Windproof shell made of 100% postconsumer recycled nylon ripstop from recycled fishing nets (NetPlus), insulated with 800-fill-power 100% Responsible Down Standard goose down, single-pull adjustable hood, internal zippered chest pocket doubles as stuffsack."
71,The North Face 1996 Retro Nuptse Jacket 700-Fill Goose Down Water-Repellent Puffer,501,5,330.0,4.8,3200,The North Face,"Iconic boxy silhouette with oversized baffles inspired by 1996 design, durable ripstop fabric with non-PFC DWR water-repellent finish, certified 700-fill goose down insulation providing lightweight warmth, stowable hood packs into collar."
72,Reigning Champ Heavyweight Fleece Pullover Hoodie (Handcrafted in Canada),502,5,175.0,4.8,680,Reigning Champ,"Handcrafted in Vancouver from signature 100% cotton Heavyweight Fleece, flatlock seam construction, semi-raglan sleeves, dual-layer hood with knotted cotton drawcords, ribbed side gussets providing comfort and shape retention."
73,Filson Alaskan Guide Heavyweight Brushed Cotton Flannel Shirt - Red/Black Plaid,502,5,145.0,4.9,1400,Filson,"Dense 8-oz. 100% cotton flannel brushed on both sides for soft insulation and wind resistance, pleated rear shoulders for full swinging arm mobility, dual button-flap chest pockets, built for decades of cold-weather ranch and outdoor work."
74,Levi's 501 Original Fit Jeans 100% Cotton Raw Selvedge Denim with Button Fly,503,5,98.0,4.7,6400,Levi's,"The quintessential blue jean since 1873. Classic straight leg with authentic button fly, sits at the natural waist, crafted from sturdy 100% non-stretch cotton denim that forms uniquely to the wearer's body over time."
75,Lululemon ABC Classic-Fit Trouser 32L Warpstreme Wrinkle-Resistant Pant,503,5,128.0,4.8,3100,Lululemon,"Ergonomic ABC (Anti-Ball Crushing) gusset design delivering all-day commuter freedom, four-way stretch Warpstreme fabric that resists wrinkles and sheds light moisture, hidden zippered back passport pocket, refined modern trouser styling."
76,Lululemon Pace Breaker Linerless Short 7-inch Lightweight Stretch Gym Workout,504,5,68.0,4.9,4200,Lululemon,"Ultra-lightweight four-way stretch Swift fabric with sweat-wicking and quick-drying properties, low-bounce zippered side pocket keeps phone securely anchored during sprints, flat waistband with reversible drawstring."
77,Gymshark Apex Seamless T-Shirt Breathable Jacquard Knit High-Ventilation Training,504,5,54.0,4.6,920,Gymshark,"Heat-mapping ventilation zones woven into lightweight seamless construction, anti-chafing ergonomic flat seams, sweat-wicking E-DRY treatment, slim athletic fit accentuating shoulders and chest during heavy weightlifting sessions."
78,Bellroy Classic Backpack Plus 24L Weatherproof Laptop Travel Daypack - Black,505,5,179.0,4.8,1450,Bellroy,"Water-resistant recycled Baida woven fabric with environmentally certified leather details, separate padded compartment fits up to 16-inch laptops with Aquaguard zipper, dual slide water bottle pockets, lumbar support back panel, hidden sunglasses valet."
79,Peak Design Everyday Backpack 30L V2 Camera & Tech Travel Pack with MagLatch,505,5,299.95,4.8,2150,Peak Design,"Versatile camera and tech backpack with customizable origami-inspired FlexFold dividers, weatherproof 100% recycled 400D double poly-coated canvas shell, fast dual side access zippers, magnetic MagLatch hardware expanding storage by 8L."
80,Nike Alphafly 3 Road Marathon Racing Shoes with Dual Air Zoom Units & Carbon Flyplate,601,6,285.0,4.9,890,Nike,"Marathon world record racing shoe engineered with continuous ZoomX foam midsole, full-length curved carbon fiber Flyplate for maximum propulsion, dual forefoot Air Zoom pods, Atomknit 3.0 breathable upper providing lockdown without weight."
81,Hoka Bondi 8 Maximum Cushion Running Shoes for High Mileage & Recovery Running,601,6,165.0,4.8,5200,Hoka,"One of the most plushly cushioned running shoes in the world. Ultra-lightweight resilient foam midsole, extended heel with billowed grooves for smooth heel-to-toe transition, engineered mesh upper, ortholite hybrid sockliner, APMA accepted for foot health."
82,Brooks Ghost 16 Daily Neutral Cushion Running Shoes with Nitrogen-Infused DNA LOFT v3,601,6,140.0,4.8,4800,Brooks,"Reliable daily workhorse featuring nitrogen-infused DNA LOFT v3 cushioning delivering lightweight plush bounce, Segmented Crash Pad shock absorber, breathable engineered air mesh upper, certified carbon neutral."
83,Salomon Speedcross 6 GORE-TEX Waterproof Aggressive Mud Trail Running Shoes,601,6,160.0,4.8,2100,Salomon,"Legendary off-road grip with deep chevron Mud Contagrip lugs shedding mud rapidly, waterproof breathable GORE-TEX membrane, SensiFit upper cradling the foot, Quicklace one-pull minimalist lacing system with lace pocket."
84,New Balance 990v6 Made in USA Suede & Mesh Heritage Running Sneaker - Grey,602,6,199.99,4.8,1850,New Balance,"Handcrafted in the USA with premium pigskin suede and breathable mesh uppers, FuelCell foam delivers propulsive cushioning, ENCAP midsole technology with lightweight polyurethane rim provides all-day structural stability and arch support."
85,Adidas Samba Classic Leather Indoor Soccer & Street Sneaker - Core Black/White,602,6,90.0,4.7,8900,Adidas,"Timeless icon with soft full-grain leather upper, contrasting suede T-toe overlay, lightweight die-cut EVA insole, low-profile non-marking gum rubber outsole delivering retro street style and skate-ready traction."
86,Merrell Moab 3 Mid GORE-TEX Waterproof Hiking Boots (The Mother of All Boots),603,6,155.0,4.8,6400,Merrell,"America's favorite hiker with waterproof GORE-TEX membrane, pigskin leather and breathable mesh upper, Vibram TC5+ sticky rubber lug outsole, Kinetic Fit ADVANCED contoured footbed with reinforced heel cushioning for all-day trail comfort."
87,Salomon Quest 4 GORE-TEX Heavy Backpacking Support Mountain Hiking Boots,603,6,230.0,4.8,1280,Salomon,"High-cut expedition boot featuring 4D Advanced Chassis protecting sensitive joint articulations while carrying heavy 50+ lb backpacks on rocky uneven mountain terrain, full nubuck leather upper with GORE-TEX weatherproofing."
88,OOFOS OOriginal Post-Run Recovery Slide Sandal with Impact-Absorbing OOfoam,604,6,59.95,4.8,7200,OOFOS,"Revolutionary patented OOfoam technology absorbs 37% more impact than traditional EVA footwear foam, biomechanically designed footbed cradles arches to reduce stress on sore knees, ankles, and plantar fasciitis feet."
89,Birkenstock Arizona Essentials EVA Waterproof Lightweight Two-Strap Slide,604,6,49.95,4.7,6100,Birkenstock,"Molded from ultra-lightweight, flexible, and shock-absorbing EVA foam, anatomically shaped footbed with deep heel cup and arch support, 100% waterproof and washable—ideal for the beach, garden, gym locker room, or poolside."
90,Theragun PRO Plus 6-in-1 Percussive Therapy Device with Near-Infrared LED & Heat,701,7,599.0,4.9,740,Therabody,"Medical device cleared 6-in-1 percussive massage gun with 16mm amplitude reaching 60% deeper into muscle tissue, near-infrared LED light therapy for deep tissue circulation, rapid heating attachment, vibration therapy, breathwork biometric heart rate sensor."
91,WHOOP 4.0 Wireless Fitness & Sleep Tracker Band with 12-Month Membership Included,701,7,239.0,4.5,3100,WHOOP,"Screenless 24/7 biometric health tracker measuring sleep architecture, physiological strain, recovery score, skin temperature, and blood oxygen levels, wireless waterproof battery pack charges while wearing, any-wear sensor compatibility."
92,Bowflex SelectTech 552 Adjustable Dumbbells Pair (Rapid Dial 5 to 52.5 lbs),702,7,429.0,4.8,8900,Bowflex,"Space-saving mechanical dial system replaces 15 sets of weights in one compact footprint, adjusts in 2.5 lb increments up to 25 lbs and 5 lb increments up to 52.5 lbs, durable molding over metal plates provides smooth quiet lifts."
93,Manduka PRO Yoga Mat 6mm Extra Thick High-Density Cushion Non-Slip Lifetime Guarantee,702,7,138.0,4.9,4100,Manduka,"Legendary ultra-dense 6mm cushion protects joints on hard floors, closed-cell surface prevents sweat and bacteria from absorbing into the mat, proprietary dot pattern bottom grips floors firmly, OEKO-TEX certified non-toxic manufacturing."
94,MSR Hubba Hubba 2-Person Lightweight Backpacking Tent with DuraShield Waterproofing,703,7,479.95,4.8,920,MSR,"Weighs only 2 lbs 14 oz packed. True rectangular floorplan with 40-inch peak headroom, Easton Syclone aerospace composite poles virtually indestructible in mountain gusts, DuraShield waterproof polyurethane and silicone coated fly, two large StayDry vestibules."
95,Sea to Summit Spark Ultralight Down 28°F (-2°C) Sleeping Bag 850+ Loft RDS Goose Down,703,7,399.0,4.8,480,Sea to Summit,"Featherweight 17.4 oz mummy sleeping bag packed with premium 850+ fill power goose down treated with ULTRA-DRY water repellent down treatment eliminating condensation clumping, 10D nylon shell, contoured mummy fit maximizes thermal efficiency."
96,Hydro Flask 32 oz Wide Mouth Vacuum Insulated Stainless Steel Water Bottle with Flex Straw Cap,704,7,44.95,4.8,8200,Hydro Flask,"TempShield double-wall vacuum insulation keeps ice water ice-cold for up to 24 hours or hot beverages steaming for 12 hours, durable 18/8 pro-grade stainless steel construction eliminates flavor transfer, leakproof flex straw cap, dishwasher safe Color Last powder coat."
97,YETI Tundra 45 Hard Cooler Heavy-Duty Rotomolded Ice Chest - Desert Tan,704,7,325.0,4.9,5100,YETI,"Indestructible rotomolded construction armored to the core, up to 3 inches of PermaFrost polyurethane pressure-injected insulation in the walls and lid keeps ice frozen for days in scorching heat, Interagency Grizzly Bear Committee certified bear-resistant."
98,Neutrogena Wet Skin Kids Waterfull Sunscreen Spray Broad Spectrum SPF 70+ (Cuts Through Water),801,8,13.99,4.8,4320,Neutrogena,"Engineered with patented Helioplex technology specifically formulated to be applied directly onto wet skin or dry skin without dripping, whitening, or wiping off. Cuts straight through water molecules to bind securely to skin creating a continuous, water-resistant protective barrier for 80 minutes. Broad-spectrum UVA/UVB SPF 70+ protection, oil-free, PABA-free, and pediatrician-tested for active kids at pools and beaches."
99,Neutrogena Wet Skin Sunscreen Stick Broad Spectrum SPF 70+ for Face & Body (Wet Skin Formula),801,8,11.49,4.7,2890,Neutrogena,"Hands-free, pocket-sized solid sunscreen stick featuring Helioplex Wet Skin technology. Glides effortlessly onto damp, soaking wet, or dry skin without slipping off or leaving white residue. Broad spectrum SPF 70+ protection against sunburn and premature aging, 80 minutes water-resistant, non-comedogenic (won't clog pores), ideal for face, ears, nose, and on-the-go water sports."
100,Shiseido Ultimate Sun Protector Lotion SPF 50+ with SynchroShield WetForce & HeatForce Tech,801,8,50.0,4.9,2180,Shiseido,"Breakthrough invisible sunscreen powered by SynchroShield technology: WetForce tech makes the UV protective veil significantly stronger when encountering water or sweat, while HeatForce tech strengthens the shield under intense sun heat. 80-minute water resistance, ocean-friendly formula free of oxybenzone and octinoxate, enriched with antioxidant skincare botanicals, invisible finish on all skin tones."
101,La Roche-Posay Anthelios Melt-in Milk Sunscreen SPF 60 with Cell-Ox Shield Broad Spectrum,801,8,37.99,4.8,5940,La Roche-Posay,"Award-winning face and body sunscreen lotion formulated with Cell-Ox Shield technology combining photostable broad-spectrum UVA/UVB filters with potent Senna Alata antioxidant defense against free radicals. Fast-absorbing, velvety melt-in texture leaves skin soft and hydrated without greasy film, water-resistant up to 80 minutes, dermatologist-tested for sensitive skin, fragrance-free, paraben-free."
102,EltaMD UV Clear Broad-Spectrum SPF 46 Facial Sunscreen with Zinc Oxide & Niacinamide,801,8,43.0,4.9,9800,EltaMD,"The gold-standard dermatologist-recommended facial sunscreen for sensitive, acne-prone, rosacea, and hyperpigmentation-prone skin. Contains 9.0% transparent Zinc Oxide for mineral physical UV deflection, combined with 5% high-purity Niacinamide (Vitamin B3) to calm redness, Hyaluronic Acid for weightless hydration, and Lactic Acid. Oil-free, fragrance-free, leaves zero white residue."
103,Supergoop! Unseen Sunscreen Broad Spectrum SPF 40 Invisible Weightless Makeup Primer,801,8,38.0,4.7,6700,Supergoop!,"100% invisible, weightless, scentless daily sunscreen gel with a velvety primer finish. Broad spectrum chemical SPF 40 filters protect against UVA, UVB, blue light, and infrared radiation. Formulated with red algae extract and meadowfoam seed oil to lock in hydration without shine. Water and sweat-resistant for 40 minutes, perfect under foundation or worn solo."
104,Biore UV Aqua Rich Watery Essence SPF 50+ PA++++ Japanese Micro Defense Sunscreen,801,8,14.5,4.8,7600,Biore,"World-famous Japanese sunscreen with World's First Micro Defense formula providing microscopic even coverage at 0.2-micron scale. Water capsule texture bursts into refreshing liquid upon contact with skin. Infused with Hyaluronic Acid, Royal Jelly Extract, and BG moisture components. Water-resistant for 80 minutes yet washes off easily with normal soap, zero stickiness or white cast."
105,Sun Bum Original SPF 50 Sunscreen Spray Vegan Reef Friendly with Vitamin E (80 Min Water Resistant),801,8,18.49,4.7,3890,Sun Bum,"Classic moisturizing sunscreen spray with signature sweet coconut beach scent. Enriched with Vitamin E antioxidant to neutralize skin-damaging free radicals. Continuous ultra-fine mist sprays at any angle, water-resistant for 80 minutes. Reef friendly (Hawaii Act 104 compliant, no Oxybenzone or Octinoxate), vegan, gluten-free, paraben-free."
106,Thinksport Safe Sunscreen Broad Spectrum SPF 50+ Non-Nano Zinc Oxide Sports Formula,801,8,16.99,4.8,4200,Thinksport,"Top-rated non-toxic mineral sunscreen featuring 20% non-nano Zinc Oxide for immediate physical broad-spectrum UVA/UVB defense. Highest water-resistance rating of 80 minutes, EWG verified #1 top rating since 2010, Leaping Bunny certified cruelty-free, biological coral reef safe, fast-absorbing without harsh chemical smell."
107,Blue Lizard Australian Sunscreen Sensitive Mineral SPF 50+ with Smart UV Bottle Cap,801,8,15.98,4.8,5100,Blue Lizard,"Australian mineral formula with Zinc Oxide and Titanium Dioxide providing broad-spectrum coverage without chemical active filters, parabens, or fragrances. Smart bottle cap turns vibrant blue when harmful UV rays are present, reminding you to apply. 80-minute water and sweat resistant, trusted by pediatricians."
108,Skin1004 Madagascar Centella Hyalu-Cica Water-Fit Sun Serum SPF 50+ PA++++ Korean Sunscreen,801,8,16.0,4.9,6800,Skin1004,"Beloved Korean daily chemical sunscreen serum featuring Madagascar Centella Asiatica extract combined with Hyaluronic Acid to simultaneously soothe irritation and infuse deep moisture. Weightless lotion texture absorbs instantly leaving glowing, non-greasy dewy skin with zero white cast and no eye sting."
109,Beauty of Joseon Relief Sun: Rice + Probiotics SPF 50+ PA++++ Organic Sunscreen,801,8,17.0,4.9,9200,Beauty of Joseon,"Viral Korean facial sunscreen formulated with 30% Rice Extract and fermented Grain Probiotics rich in Vitamins B, C, and E. Delivers intensive nourishment and moisture barrier reinforcement while shielding against UV rays. Silky cream consistency glides like a gentle moisturizer without pilling under makeup."
110,Coppertone Sport Continuous Sunscreen Spray SPF 50 High-Performance Water & Sweat Resistant,801,8,10.97,4.7,3400,Coppertone,"Engineered for intense outdoor athletics, running, and swimming. Stays on strong through heavy sweat and water for 80 minutes without stinging eyes. Delivers continuous spray at any angle including upside-down, lightweight breathable feel, enriched with antioxidants."
111,Hawaiian Tropic Island Sport Sunscreen Spray SPF 30 Breathable Ultra-Light Formula,801,8,11.29,4.6,2100,Hawaiian Tropic,"Ultra-lightweight breathable sports sunscreen spray that won't clog pores or run into eyes during workouts. Sweat and water-resistant for 80 minutes, infused with island botanicals, plumeria flower extract, and iconic tropical coconut fragrance, PETA certified cruelty-free."
112,Anessa Perfect UV Sunscreen Skincare Milk SPF 50+ PA++++ with Auto Booster Tech,801,8,32.0,4.9,3100,Shiseido Anessa,"Japan's #1 sunscreen for 21 consecutive years. Features Auto Booster Technology that reacts to sweat, water, heat, and air humidity to strengthen the UV protective veil. Friction-proof, super waterproof for 80 minutes, infused with 50% skincare ingredients like collagen and green tea extract."
113,Colorescience Total Eye 3-in-1 Renewal Therapy SPF 35 Mineral Eye Sunscreen & Dark Circle Concealer,801,8,79.0,4.8,1850,Colorescience,"100% mineral SPF 35 sunscreen (Titanium Dioxide and Zinc Oxide) clinically proven to improve dark circles, puffiness, fine lines, and wrinkles around the delicate orbital eye area. Cooling applicator tip soothes tired eyes, natural tint conceals imperfections."
114,CeraVe Hydrating Facial Cleanser with Ceramides & Hyaluronic Acid for Normal to Dry Skin,802,8,15.99,4.8,8900,CeraVe,"Non-foaming lotion cleanser formulated with 3 essential ceramides (1, 3, 6-II) and hyaluronic acid using patented MVE Delivery Technology to slowly release moisturizers all day, gently washes away dirt and oil without stripping moisture barrier."
115,Paula's Choice Skin Perfecting 2% BHA Liquid Salicylic Acid Exfoliant for Blackheads & Pores,802,8,35.0,4.8,9400,Paula's Choice,"Cult-favorite leave-on liquid exfoliant with 2% Salicylic Acid (BHA) that penetrates deep inside pores to clear dead skin buildup, dissolve excess sebum, unclog blackheads, shrink enlarged pores, and even skin tone with soothing green tea."
116,SkinCeuticals C E Ferulic Combination Antioxidant Serum 15% Pure L-Ascorbic Acid,803,8,182.0,4.9,3400,SkinCeuticals,"Patented triple antioxidant formulation: 15% pure L-Ascorbic Acid (Vitamin C), 1% Alpha Tocopherol (Vitamin E), and 0.5% Ferulic Acid. Clinically proven to reduce combined oxidative damage from free radicals generated by UV, ozone, and pollution by up to 41%, improves firmness and brightens skin."
117,The Ordinary Niacinamide 10% + Zinc 1% Oil Control & Blemish Serum 60ml,803,8,10.8,4.7,8100,The Ordinary,"High-strength vitamin and mineral blemish formula with 10% pure Niacinamide to balance visible sebum activity and minimize pore congestion, backed by 1% Zinc PCA to calm redness and prevent oil buildup."
118,Skinfix Barrier+ Triple Lipid-Peptide Cream Deep Hydration for Compromised Skin Barriers,804,8,54.0,4.8,2400,Skinfix,"Clinically proven barrier-restoring moisturizer formulated with patented 3% Triple Lipid Complex mimicking the skin's natural lipid ratio (ceramides, cholesterol, free fatty acids), combined with 3% Nutripeptide blend and 1% soothing colloidal oatmeal."
119,Laneige Lip Sleeping Mask Intense Hydration with Berry Fruit Complex & Murumuru Butter,804,8,24.0,4.8,8900,Laneige,"Leave-on overnight lip treatment featuring Moisture Wrap technology, antioxidant Berry Fruit Complex rich in Vitamin C, coconut oil, shea butter, and murumuru seed butter, dissolves dry flakiness while delivering deep plumping moisture."
120,Dyson Supersonic Nural Intelligent Hair Dryer with Scalp Protect Sensor & Fast Drying,805,8,499.99,4.8,1640,Dyson,"Equipped with Time of Flight sensors measuring distance to automatically reduce heat to 131°F near the scalp to prevent burning, capsule illumination lights showing current temperature, attachment learning recognizing styled preferences, V9 digital motor."
121,Olaplex No. 3 Hair Perfector Repairing Treatment for Damaged & Bleached Hair,805,8,30.0,4.8,9200,Olaplex,"Patented Bis-Aminopropyl Diglycol Dimaleate active bond building technology relinks broken disulfide bonds caused by chemical bleaching, heat tools, and mechanical brushing, restoring hair strength, texture, and shine."
122,Maison Francis Kurkdjian Baccarat Rouge 540 Eau de Parfum 70ml (Floral Amber Cedar),806,8,325.0,4.9,2100,Maison Francis Kurkdjian,Luminous and sophisticated eau de parfum laying on skin like an amber floral and woody breeze. Aerial notes of jasmine and the radiance of saffron carry mineral facets of ambergris and woody tones of freshly cut cedar.
123,Nécessaire The Body Wash Multi-Vitamin Daily Cleanser with Niacinamide - Eucalyptus,806,8,28.0,4.7,3100,Nécessaire,"Daily multivitamin gel cleanser formulated with Niacinamide (Vitamin B3), Vitamin C, Vitamin E, Omega-6, and Omega-9, gently cleanses and nourishes body skin barrier, pure eucalyptus essential oil scent turns shower into a spa steam room."
124,Optimum Nutrition Gold Standard 100% Whey Protein Powder 5 lbs - Double Rich Chocolate,901,9,84.99,4.8,9800,Optimum Nutrition,"The world's bestselling whey protein. 24g of protein per serving with Whey Protein Isolate as primary source, 5.5g naturally occurring BCAAs, 4g glutamine & glutamic acid, instantized for effortless clump-free spoon stirring."
125,Ghost 100% Vegan Plant Protein Powder 2 lbs - Cinnabon Cinnamon Roll Flavor,901,9,44.99,4.8,2100,Ghost,"100% transparent label combining Pea Protein Concentrate, Organic Pumpkin Protein, and Watermelon Seed Protein, delivering 20g vegan protein with mouthwatering authentic Cinnabon bakery taste, soy-free and gluten-free."
126,"Stumptown Coffee Roasters Hair Bender Whole Bean Coffee 12 oz (Sweet, Complex & Balanced)",902,9,16.99,4.8,3400,Stumptown,"Stumptown's most celebrated blend crafted from coffees sourced from Latin America, Indonesia, and East Africa, featuring complex flavor notes of sweet dark chocolate, sweet orange citrus, and warm toffee."
127,Ippodo Tea Sayaka First-Harvest Ceremonial Grade Japanese Uji Matcha 40g Tin,902,9,38.0,4.9,1820,Ippodo Tea,"Authentic ceremonial matcha stone-ground in Kyoto, Japan by a 300-year-old tea house. Vibrant emerald green color, delicate balance of rich umami savory depth with gentle natural sweetness and zero bitterness."
128,LMNT Zero-Sugar Keto Electrolyte Drink Mix Variety Pack (30 Packets),903,9,45.0,4.9,5200,LMNT,"Science-backed electrolyte ratio containing 1000mg Sodium, 200mg Potassium, and 60mg Magnesium per packet with zero sugar, zero artificial ingredients, and zero fillers. Ideal for fasting, low-carb, keto, endurance runners, and hot yoga."
129,Liquid I.V. Hydration Multiplier Electrolyte Powder Drink Mix 16 Sticks - Lemon Lime,903,9,24.99,4.7,8400,Liquid I.V.,"Cellular Transport Technology (CTT) harnesses specific ratio of sodium, potassium, and glucose to deliver rapid hydration 2x faster into the bloodstream than plain water alone, packed with 5 essential vitamins (B3, B5, B6, B12, Vitamin C)."
130,Manuka Health Raw MGO 400+ / UMF 13+ Certified Genuine New Zealand Manuka Honey 500g,904,9,59.99,4.9,2700,Manuka Health,"100% pure raw unpasteurized Manuka honey harvested from remote pristine New Zealand bush, tested and certified to contain at least 400mg/kg naturally occurring Methylglyoxal (MGO) providing potent bioactive immune and gut wellness support."
131,Dune by Frank Herbert (Deluxe Hardcover Collector's Edition with Stained Edges & Map),1001,10,28.0,4.9,8900,Ace Books,"The monumental science fiction epic set on the desert planet Arrakis. Deluxe clothbound hardcover edition featuring foil-stamped cover, dyed page edges, custom illustrated endpapers, and detailed maps of Arrakis ecology."
132,Project Hail Mary by Andy Weir (Hardcover Novel - From the Author of The Martian),1001,10,22.49,4.9,7800,Ballantine Books,Thrilling interstellar science survival adventure following solitary astronaut Ryland Grace as he awakens aboard a spaceship with amnesia to discover humanity faces extinction from solar-dimming Astrophage microorganisms.
133,"Atomic Habits by James Clear (Hardcover - Tiny Changes, Remarkable Results)",1002,10,18.0,4.9,18900,Avery Publishing,"The definitive #1 New York Times bestselling practical guide on habit formation, the Four Laws of Behavior Change, environment architecture, identity-based habits, and harnessing 1% daily marginal gains to reshape your life."
134,Deep Work: Rules for Focused Success in a Distracted World by Cal Newport (Hardcover),1002,10,19.99,4.8,6200,Grand Central Publishing,Provocative guide arguing that the ability to focus without distraction on cognitively demanding tasks is becoming extraordinarily rare and simultaneously massively valuable in the modern knowledge economy.
135,Pilot Custom 823 Fountain Pen - Amber Barrel with 14K Gold Nib & Vacuum Filler,1003,10,336.0,4.9,840,Pilot,"Exquisite Japanese luxury writing instrument with translucent amber resin barrel, massive 14-karat gold #15 nib providing buttery smooth line flow, high-capacity vacuum plunger filling system holding over 2.5ml ink."
136,Leuchtturm1919 Hardcover Medium A5 Dot-Grid Notebook (Numbered Pages & Table of Contents),1003,10,24.5,4.8,6400,Leuchtturm1919,"Premium German journaling notebook featuring 251 numbered pages of 80gsm ink-proof, acid-free paper, blank table of contents, 8 perforated detachable sheets, expandable back pocket, dual page markers, and elastic closure band."
137,Neutrogena Hydro Boost Water Gel Sunscreen Broad Spectrum SPF 50 Hyaluronic Acid,801,8,14.99,4.7,3400,Neutrogena,"Water-light gel sunscreen infused with hyaluronic acid, quenching dry skin with weightless hydration, oil-free, non-comedogenic, 80 min water resistant."
138,Badger Damascus Rose Mineral Face Sunscreen SPF 30 Clear Zinc Oxide Reef-Safe,801,8,17.99,4.6,980,Badger,"100% certified natural organic sun care with clear non-nano zinc oxide, soothing damascus rose and seabuckthorn, water resistant 40 minutes, biodegradable."
139,Round Lab Birch Juice Moisturizing Sunscreen SPF 50+ PA++++ Cooling Hyaluronic Sun Gel,801,8,18.0,4.9,5400,Round Lab,"Korean Holy Grail sunscreen formulated with Inje Birch Tree Sap and Vita Hyaluronic Acid to hydrate and cool overheated skin, zero white cast, certified reef safe."
140,Isntree Hyaluronic Acid Watery Sun Gel SPF 50+ PA++++ with 8 Types of Hyaluronic Acid,801,8,16.5,4.8,4100,Isntree,"Centella asiatica, astaxanthin, and eight molecular weights of hyaluronic acid combine to replenish moisture barrier while defending against UV rays, lightweight gel."
141,Coola Organic Classic Face Sunscreen SPF 50 Fragrance-Free 70%+ Organic Antioxidant,801,8,32.0,4.7,1850,Coola,"Farm-to-face organic antioxidant Plant Protection complex shields skin against free radicals, lightweight sheer lotion, 80 minutes water resistant, Hawaii reef compliant."
142,Supergoop! Glowscreen Broad Spectrum SPF 40 Hydrating Dewy Makeup Primer with Niacinamide,801,8,38.0,4.7,4300,Supergoop!,"Illuminating tinted sunscreen that gives instant dewy, pearlescent glow while delivering broad spectrum SPF 40 and blue light protection with hyaluronic acid and vitamin B5."
143,Banana Boat Sport Ultra Sunscreen Spray SPF 50 High Endurance Water & Sweat Resistant,801,8,9.98,4.6,3100,Banana Boat,"Clinically proven sport endurance protection that stays on through seven conditions: sun, pool water, ocean water, wind, sweat, sand, and 100-degree heat, 80 min water resistant."
144,Sun Bum Mineral SPF 50 Sunscreen Lotion Non-Nano Zinc Oxide Vegan Hypoallergenic,801,8,16.99,4.6,2100,Sun Bum,"Zinc-based physical sunscreen lotion providing sheer matte mineral finish without chemical actives, water resistant 80 minutes, fragrance-free for sensitive skin."
145,"Dell XPS 13 9340 Ultralight Laptop (Intel Core Ultra 7 155H, 16GB RAM, 512GB SSD) Platinum",201,2,1299.99,4.7,850,Dell,"Sleek 2.6 lb aluminum laptop with edge-to-edge glass keyboard and seamless glass touchpad, 13.4-inch FHD+ 120Hz display, dual Thunderbolt 4 ports, 18 hour battery."
146,"Lenovo Legion Pro 7i Gen 9 Gaming Laptop (Intel Core i9-14900HX, RTX 4090 16GB, 32GB RAM, 2TB SSD)",201,2,2999.99,4.8,410,Lenovo,"Ultimate desktop-replacement powerhouse with Legion Coldfront vapor chamber cooling, 16-inch WQXGA 240Hz 500 nits gaming display, full-power 175W RTX 4090 GPU."
147,"Apple Mac Studio M2 Max (12-core CPU, 30-core GPU, 32GB Unified Memory, 512GB SSD)",201,2,1999.0,4.9,620,Apple,"Compact desktop powerhouse designed for professional music producers, video editors, and 3D animators, 4x Thunderbolt 4 ports, 10Gb Ethernet, whisper-quiet thermal design."
148,"LG gram 17 Super-Lightweight Laptop (Intel Core Ultra 7, 32GB RAM, 1TB SSD, 2.98 lbs)",201,2,1699.99,4.6,530,LG,"Full 17-inch IPS WQXGA (2560x1600) anti-glare display packed into an astonishingly light sub-3 lb magnesium alloy chassis, 80Wh battery lasting up to 20 hours."
149,"HP Spectre x360 14 2-in-1 Touchscreen Laptop OLED (Intel Core Ultra 7, 16GB RAM, 1TB SSD)",201,2,1449.99,4.7,490,HP,"Convertible laptop with 14-inch 2.8K 120Hz OLED touchscreen, 9MP AI camera with auto-framing, gem-cut aluminum chassis, bundled rechargeable MPP 2.0 tilt pen."
150,"Framework Laptop 16 Modular DIY Laptop (AMD Ryzen 7 7840HS, Expansion Bay GPU Modular)",201,2,1799.0,4.8,310,Framework,"Fully upgradeable, repairable modular laptop with hot-swappable ports, customizable keyboard matrix, removable discrete graphics module, and transparent sustainability."
151,Bowers & Wilkins Px7 S2e Over-Ear Noise-Cancelling Headphones with 24-bit DSP,301,3,399.0,4.8,410,Bowers & Wilkins,"Audiophile wireless headphones with custom 40mm bio-cellulose drivers, 24-bit high-resolution digital signal processing, 6 microphones for crystal ANC, luxurious memory foam."
152,Marshall Major IV On-Ear Wireless Bluetooth Headphones with 80+ Hours Playtime,301,3,149.99,4.7,3100,Marshall,"Iconic textured vinyl and brass script design, custom-tuned dynamic drivers, multi-directional brass control knob, wireless Qi charging, collapsible travel design."
153,Nothing Ear (a) True Wireless Earbuds with Smart ANC and ChatGPT Voice Integration,302,3,99.0,4.6,1200,Nothing,"Striking transparent yellow aesthetic, 11mm ceramic driver, 45dB Smart ANC with real-time leak detection, Hi-Res LDAC audio, integrated ChatGPT pinch-to-talk voice assistant."
154,JBL Flip 6 Waterproof Portable Bluetooth Speaker IP67 2-Way Speaker System,303,3,129.95,4.8,8900,JBL,"Racetrack-shaped woofer, separate tweeter, and dual passive radiators delivering punchy loud bass, IP67 waterproof and dustproof, 12 hours playtime, PartyBoost linking."
155,Sonos Move 2 Heavy-Duty Weatherproof Portable Smart Speaker with Stereo Sound & 24h Battery,303,3,449.0,4.8,890,Sonos,"Room-filling stereo acoustics with dual angled tweeters and precision woofer, IP56 weather resistance against rain and dust, automatic Trueplay tuning, 24 hours playback."
156,Bose SoundLink Flex Bluetooth Speaker (2nd Gen) IP67 Waterproof & PositionIQ Tech,303,3,149.0,4.8,3400,Bose,"PositionIQ technology automatically optimizes audio whether standing upright, flat on back, or hanging, waterproof and dustproof (IP67), resists drops and rust."
157,Breville Smart Oven Air Fryer Pro Convection Countertop Oven with Element iQ,402,4,399.95,4.8,3800,Breville,"Super Convection technology with 2-speed fan, 13 cooking functions including proof, slow cook, dehydrate, and air fry, fits 9-slice bread or a 14-lb turkey, LCD display."
158,Fellow Stagg EKG Electric Gooseneck Pour-Over Kettle with Variable Temp Control 0.9L,401,4,165.0,4.9,4200,Fellow,"Barista-standard precision pour gooseneck spout, to-the-degree PID temperature control from 135°F to 212°F, 60-minute temperature hold mode, high-contrast LCD screen."
159,Instant Pot Pro 10-in-1 Pressure Cooker 6-Quart with Easy-Release Steam Valve,402,4,169.95,4.8,6700,Instant Pot,"Upgraded inner pot with stay-cool silicone handles safe for stovetops, 20% faster heating, gentle quiet steam release switch, 28 customizable cooking programs."
160,KitchenAid Artisan Series 5-Quart Tilt-Head Stand Mixer - Empire Red,403,4,449.99,4.9,9800,KitchenAid,"Iconic American kitchen centerpiece with 10 speeds, 59 touchpoints per rotation for thorough ingredient incorporation, stainless steel bowl with comfortable handle."
161,Anova Precision Cooker 3.0 Sous Vide Machine with Dual Band Wi-Fi & Touchscreen,402,4,199.0,4.7,2400,Anova Culinary,"Cooks food to exact internal temperature within 0.1°F, 1100 watts of power heating water rapidly, Bluetooth & dual-band Wi-Fi control via iOS/Android recipe app."
162,iRobot Roomba Combo j9+ Self-Emptying & Auto-Refill Robot Vacuum and Retractable Mop,404,4,999.0,4.6,1200,iRobot,"D.R.I.V.E. retractable mop arm lifts mop pads to top of vacuum to keep carpets 100% dry, Clean Base auto-fills liquid for 30 days and empties dust for 60 days, pet waste guarantee."
163,Shark Stratos Cordless Vacuum with Clean Sense IQ & DuoClean PowerFins HairPro,404,4,449.99,4.7,1980,Shark,"Clean Sense IQ detects invisible dirt and automatically boosts power, dual brushrolls grab hair without tangling, MultiFLEX folding wand reaches under low furniture."
164,"Coway Airmega 400 Smart True HEPA Air Purifier for 1,560 sq ft with Max2 Filter",405,4,499.0,4.8,2800,Coway,"Dual suction draws air from both sides, combined Green True HEPA and activated carbon filter eliminates 99.99% of airborne particles and VOC gases, smart eco-mode."
165,Blueair Blue Pure 211+ Auto Air Purifier with Washable Fabric Pre-Filter,405,4,299.99,4.8,4100,Blueair,"HEPASilent filtration technology cleans 540 sq ft room in just 12.5 minutes while using less energy than a single lightbulb, one-button auto mode with air quality LED."
166,Asics Gel-Kayano 31 Maximum Support Stability Running Shoes for Overpronation,601,6,165.0,4.8,3800,Asics,"4D GUIDANCE SYSTEM adapts to foot movement for revolutionary stability, FF BLAST PLUS ECO cushioning, PureGEL technology in heel provides 65% softer impact landings."
167,Saucony Endorphin Speed 4 Nylon-Plated Tempo Training & Race Running Shoes,601,6,170.0,4.9,2100,Saucony,"Winged nylon plate delivers explosive energy return and lateral support, ultra-responsive PWRRUN PB peba foam, SPEEDROLL rocker technology drives effortless turnover."
168,Altra Lone Peak 8 Zero Drop Trail Running Shoes with FootShape Toe Box,601,6,140.0,4.7,2900,Altra,"Natural FootShape spacious toe box allows toes to splay comfortably, balanced Zero Drop platform, MaxTrac sticky lug outsole, durable ripstop mesh trail upper."
169,On Cloudmonster 2 Maximum Cushion Road Running Shoes with Helion Superfoam,601,6,179.99,4.7,2400,On Running,"Monster-level CloudTec cushioning absorbs heavy impacts, nylon-blend Speedboard shoots you forward with massive energy return, breathable engineered mesh upper."
170,Hoka Speedgoat 5 Lightweight Vibram Megagrip Trail Running Shoes,601,6,155.0,4.8,4100,Hoka,"Trail icon equipped with Vibram Megagrip with Traction Lug for enhanced ground grip on loose dirt and rocky ridges, lightweight CMEVA midsole foam, protective toe rand."
171,Anker 737 Power Bank (PowerCore 24K) 140W Two-Way Fast Charging,105,1,129.99,4.8,3800,Anker,"Smart digital display power bank with 24,000mAh capacity and 140W ultra-powerful two-way charging."
172,Belkin BoostCharge Pro 3-in-1 Wireless Charging Pad with MagSafe 15W,105,1,149.99,4.7,1800,Belkin,"Flat lay MagSafe charging pad for iPhone 15/16, fast charging Apple Watch Ultra, and AirPods case."
173,Tile Pro Powerful Bluetooth Item Tracker 400 ft Range Water-Resistant (2-Pack),104,1,59.99,4.6,2800,Tile,"High-range item finder with replaceable 1-year battery, loud ring volume, compatible with Android and iOS."
174,Nanoleaf Shapes Hexagons Smarter Kit (7 Light Panels) Modular RGB Lighting,104,1,199.99,4.7,1400,Nanoleaf,"Ultra-thin modular LED smart light panels with Connect+ tech, music visualizer, Touch Actions, Apple HomeKit."
175,Garmin Venu 3 GPS Smartwatch with Bright AMOLED Display & Advanced Sleep Coach,103,1,449.99,4.8,1200,Garmin,"Health and fitness watch with personalized sleep coach, nap detection, wheel chair mode, built-in mic and speaker."
176,Fitbit Charge 6 Fitness Tracker with Google Apps & Heart Rate on Gym Equipment,103,1,159.95,4.5,3400,Fitbit,"Built-in GPS, YouTube Music controls, Google Maps directions, ECG app, EDA scan for stress management."
177,Amazon Fire Max 11 Tablet 64GB 11-inch 2.4 Million Pixel Display Octa-Core,102,1,229.99,4.5,2900,Amazon,"Aluminum body tablet with vivid 2000x1200 screen, optional keyboard case and stylus, 14 hour battery life."
178,Kobo Libra Colour 7-inch Waterproof Color E-Reader with Stylus Support,102,1,219.99,4.7,850,Kobo,"E Ink Kaleido 3 color screen, IPX8 waterproof, page turn buttons, compatible with Kobo Stylus 2 for markup."
179,Samsung Odyssey OLED G9 49-inch Curved Dual QHD 240Hz 0.03ms Gaming Monitor,202,2,1199.99,4.7,890,Samsung,"Ultrawide 32:9 Neo Quantum Processor OLED panel with 1800R curve, 240Hz refresh, AMD FreeSync Premium Pro."
180,BenQ PD3220U 32-inch 4K Thunderbolt 3 Designer Monitor with 100% sRGB & DCI-P3,202,2,1099.99,4.7,450,BenQ,"DualView mode, KVM switch, factory calibrated color accuracy, hotkey puck for instant preset switching."
181,Xbox Series X 1TB Console 4K 120FPS Gaming with Velocity Architecture,203,2,499.99,4.8,6200,Microsoft,"12 teraflops raw graphical processing power, DirectX ray tracing, Quick Resume between multiple games."
182,Sony PlayStation DualSense Edge Wireless Pro Controller for PS5,203,2,199.99,4.7,2400,Sony,"Customizable back buttons, changeable stick caps, replaceable stick modules, adjustable trigger stops."
183,Corsair K70 MAX RGB Magnetic-Mechanical Gaming Keyboard with Adjustable Actuation,204,2,229.99,4.7,650,Corsair,"CORSAIR MGX magnetic switches with customizable actuation from 0.4mm to 3.6mm, Rapid Trigger mode, aluminum."
184,SteelSeries Apex Pro TKL Wireless Mechanical Gaming Keyboard with OmniPoint 2.0,204,2,249.99,4.7,1100,SteelSeries,"World's fastest keyboard with OmniPoint 2.0 magnetic switches, 20x faster actuation, OLED smart display."
185,SanDisk Professional 4TB PRO-BLADE Transport Modular SSD USB-C 2000MB/s,205,2,419.99,4.8,380,SanDisk,High-capacity modular external NVMe SSD with aluminum enclosure acting as heat sink for sustained 4K/8K capture.
186,OWC Thunderbolt 4 Hub 5-Port with 60W Power Delivery & 40Gbps Speed,205,2,149.99,4.7,720,OWC,"Adds 3 Thunderbolt 4 ports and 1 USB-A port to Macs and PCs, daisy chain up to 5 Thunderbolt devices."
187,Marshall Acton III Bluetooth Home Speaker with Wide Stereo Soundstage - Black,304,3,279.99,4.8,1450,Marshall,"Tweeters angled outwards and updated waveguides deliver consistently solid room-filling sound, brass dial controls."
188,JBL Bar 1300X 11.1.4-Channel Dolby Atmos Soundbar with Detachable Wireless Surrounds,304,3,1699.95,4.8,490,JBL,True 3D sound with detachable battery-powered wireless rear speakers and massive 12-inch wireless subwoofer.
189,Beats Studio Pro Wireless Noise Cancelling Over-Ear Headphones - Matte Black,301,3,349.99,4.6,2900,Beats,"Custom 40mm acoustic platform with zero distortion, fully adaptive Active Noise Cancelling, USB-C lossless audio."
190,Shure AONIC 50 Gen 2 Premium Wireless Noise Cancelling Studio Headphones,301,3,349.0,4.7,510,Shure,"Engineered from decades of stage experience, 50mm dynamic drivers, Snapdragon Sound with aptX Adaptive."
191,Sony LinkBuds S Truly Wireless Noise Cancelling Earbuds Ultra-Light 4.8g,302,3,199.99,4.6,3100,Sony,"Never off smart sensing switches automatically between ambient sound and noise cancellation, LDAC codec."
192,JBL Tour Pro 2 True Wireless Earbuds with World's First Smart Touch Display Case,302,3,249.95,4.5,980,JBL,"Control earbud settings, manage calls, playback, and equalizer directly from the 1.45-inch color touch case."
193,Anker Soundcore Motion 300 Hi-Res Wireless Outdoor Speaker with SmartTune,303,3,79.99,4.7,2400,Anker Soundcore,"Wireless Hi-Res audio with LDAC, SmartTune orientation sensor adapts EQ, 30W stereo sound, IPX7 waterproof."
194,Bose SoundLink Max Portable Bluetooth Boombox Speaker with Deep Bass,303,3,399.0,4.8,620,Bose,"Epic stereo sound with deep bass in a rugged portable carry design with soft rope handle, 20-hour battery life."
195,Baratza Encore ESP Conical Burr Espresso and Filter Coffee Grinder,401,4,199.95,4.8,2600,Baratza,40mm M2 stainless steel conical burrs with micro-steps 1-20 for high-resolution espresso calibration.
196,Gaggia Classic Pro Manual Espresso Machine with Commercial Steam Wand (Made in Italy),401,4,449.0,4.7,1850,Gaggia,"Traditional commercial 58mm chrome-plated brass portafilter, 3-way solenoid valve, commercial two-hole steam wand."
197,Philips Premium Airfryer XXL with Fat Removal Technology 3-lb Capacity,402,4,249.95,4.7,3100,Philips,Twin TurboStar technology captures excess fat from meats while maintaining crispy skin and tender interior.
198,Cuisinart Custom 14-Cup Food Processor with Stainless Steel Blades,402,4,249.95,4.8,4800,Cuisinart,"Heavy-duty 720-watt motor handles whole fruits, kneads pizza dough, and shreds cheeses effortlessly."
199,Staub Cast Iron 5.5-Qt Round Cocotte Dutch Oven - Matte Black (Made in France),403,4,399.95,4.9,2100,Staub,"Spike textured lid circulates continuous self-basting rainfall of moisture, black matte enamel interior."
200,Wüsthof Classic 8-inch Chef's Knife Forged High-Carbon Stainless Steel (Solingen Germany),403,4,170.0,4.9,3900,Wüsthof,Precision forged from a single blank of high-carbon stainless steel with full tang and triple-riveted handle.
201,Lodge 10.25-inch Pre-Seasoned Cast Iron Skillet with Silicone Hot Handle Holder,403,4,29.9,4.8,9800,Lodge,"Unmatched heat retention and even heating for searing steaks, baking cornbread, and camping fire pits."
202,Shark Matrix Plus 2-in-1 Robot Vacuum & Mop with Sonic Mopping & Self-Empty Base,404,4,499.99,4.6,2100,Shark,"Matrix Clean uses precision grid pattern taking multiple passes over dirt, sonic mopping scrubs 100x/minute."
203,Dyson Ball Animal 3 Extra Upright Vacuum with De-tangling Motorbar for Pet Hair,404,4,499.99,4.7,2800,Dyson,"Ball technology maneuvers smoothly around obstacles, de-tangling vanes clear hair automatically from brush bar."
204,Blueair Blue Pure 411a Max Air Purifier for Bedrooms and Home Offices (QuietMark),405,4,139.99,4.8,3800,Blueair,"Whisper quiet HEPASilent technology cleans 219 sq ft in 12.5 minutes, air quality indicator light, low energy."
205,Patagonia Better Sweater Fleece Jacket 100% Recycled Polyester Sweater-Knit,502,5,159.0,4.8,4100,Patagonia,"Low-impact dyeing process significantly reduces dyestuffs and energy, soft fleece interior, zippered hand pockets."
206,Barbour Classic Beaufort Waxed Cotton Weatherproof Field Jacket - Olive,501,5,445.0,4.9,1100,Barbour,"Traditional Sylkoil waxed 100% cotton resists rain and brambles, corduroy collar, classic tartan cotton lining."
207,Carhartt WIP Chase Heavyweight Cotton Sweatshirt Crewneck - Grey Heather,502,5,98.0,4.7,1400,Carhartt WIP,"Durable cotton-poly fleece blend brushed for softness, ribbed collar, cuffs, and hem, gold logo embroidery."
208,Nudie Jeans Lean Dean Slim Tapered Organic Comfort Stretch Denim - Dry Cold Black,503,5,185.0,4.7,920,Nudie Jeans,"100% organic cotton denim with subtle stretch, slim tapered silhouette, orange thread stitching, repair warranty."
209,Ten Thousand Interval Short 7-inch Workout Gym Athletic Shorts with Compression Liner,504,5,78.0,4.8,2300,Ten Thousand,"Engineered for intense HIIT and lifting sessions, anti-chafe compression liner with dedicated phone pocket."
210,Patagonia Black Hole Duffel Bag 55L Weather-Resistant Recycled TPU Travel Pack,505,5,169.0,4.9,3900,Patagonia,"Extremely tough 100% recycled polyester ripstop with weather-resistant matte TPU laminate, removable shoulder straps."
211,Topo Designs Rover Pack Classic 20L Water-Resistant Outdoor Heritage Backpack,505,5,99.0,4.7,1800,Topo Designs,"1000D Cordura base with 420D nylon pack cloth, dual side water bottle pockets, cinch top closure with flap."
212,Hoka Clifton 9 Lightweight Daily Road Running Shoes for High Mileage Comfort,601,6,145.0,4.8,6200,Hoka,"3mm more stack height with responsive new EVA foam, breathable engineered knit upper, early-stage Meta-Rocker."
213,Brooks Adrenaline GTS 23 Stability Running Shoes with GuideRails Holistic Support,601,6,140.0,4.8,5900,Brooks,"GuideRails holistic support system keeps excess knee and ankle movement in check, DNA LOFT v2 plush cushioning."
214,Vans Old Skool Suede and Canvas Skate Sneaker - Classic Black/White,602,6,70.0,4.8,8900,Vans,"Iconic side stripe skate shoe with durable suede and canvas uppers, reinforced toe caps, signature waffle outsoles."
215,Converse Chuck Taylor All Star 70 High Top Vintage Canvas Sneaker - Parchment,602,6,90.0,4.8,4800,Converse,"Upgraded 12-oz heavy vintage canvas, winged tongue stitching, cushioned Ortholite insole, glossy egret foxing."
216,Danner Mountain Light Waterproof Full-Grain Leather Hiking Boots (Made in USA),603,6,440.0,4.9,980,Danner,"One-piece full-grain leather upper, 100% waterproof breathable GORE-TEX lining, Vibram Kletterlift outsole."
217,Keen Targhee III Mid Waterproof Breathable Leather Trail Hiking Boots,603,6,165.0,4.7,4500,Keen,"KEEN.DRY waterproof membrane, all-terrain rubber outsole with 4mm multi-directional lugs, roomier toe box."
218,Crocs Classic Clog Slip-On Water-Friendly Lightweight Comfort Shoes - Slate Grey,604,6,49.99,4.8,9900,Crocs,"Pivoting heel strap, ventilation ports shed water and debris rapidly, Croslite foam cushioning for all-day ease."
219,Birkenstock Boston Suede Leather Clogs with Contoured Cork Footbed - Taupe,604,6,160.0,4.8,5200,Birkenstock,"Classic slip-on clog crafted from velvety suede, anatomically contoured natural cork-latex footbed."
220,Garmin Edge 840 Solar GPS Bike Computer with Adaptive Coaching & ClimbPro,701,7,499.99,4.8,840,Garmin,"Power Glass solar charging lens adds up to 32 hours battery life, multi-band GNSS, targeted cycling ability coach."
221,Wahoo KICKR v6 Smart Indoor Bike Trainer with Direct Drive & Auto-Calibration,701,7,1299.99,4.9,610,Wahoo,"Realistic road feel with up to 2200W resistance and 20% incline simulation, integrated Wi-Fi connection, ERG Easy Ramp."
222,Ironmaster Quick-Lock Adjustable Dumbbells System 75 lb Set with Stand,702,7,869.0,4.9,1200,Ironmaster,"Indestructible welded steel construction, adjusts from 5 to 75 lbs, handles feel identical to solid gym dumbbells."
223,Lululemon The Mat 5mm Natural Rubber Reversible Grippy Yoga Mat,702,7,98.0,4.7,3400,Lululemon,"Polyurethane top layer absorbs moisture for slip-free grip during sweaty Vinyasa, natural rubber base cushions hips."
224,Big Agnes Copper Spur HV UL2 Ultralight 2-Person Freestanding Backpacking Tent,703,7,549.95,4.8,790,Big Agnes,"Award-winning double-wall ultralight tent weighing 2 lbs 11 oz with dual awning-style vestibules, proprietary nylon."
225,Nemo Disco 15 Sleeping Bag 650 Down Fill Spoon Shape for Side Sleepers,703,7,319.95,4.8,920,NEMO,"Spoon shape contours provide room at elbows and knees for natural side sleeping, Thermo Gills regulate temperature."
226,Stanley Quencher H2.0 FlowState Stainless Steel Tumbler 40 oz with Straw - Cream,704,7,45.0,4.8,9800,Stanley,"Double-wall vacuum insulation keeps ice cold for up to 48 hours, Comfort-grip handle, fits in car cup holders."
227,YETI Rambler 26 oz Straw Bottle Vacuum Insulated with Chug Cap - Navy,704,7,40.0,4.9,6400,YETI,"18/8 stainless steel resists dents and drops, DoubleWall insulation keeps water cold until the last drop."
228,CeraVe PM Facial Moisturizing Lotion with Niacinamide and 3 Essential Ceramides,804,8,15.99,4.8,7800,CeraVe,"Ultra-lightweight nighttime oil-free moisturizer with MVE delivery technology, restores protective skin barrier."
229,La Roche-Posay Effaclar Duo Acne Treatment with Benzoyl Peroxide & LHA,803,8,23.99,4.7,4200,La Roche-Posay,"Dual action micronized Benzoyl Peroxide reduces acne blemishes in 3 days, micro-exfoliating Lipo-Hydroxy Acid."
230,COSRX Advanced Snail 96 Mucin Power Essence 100ml Repairing Hydration,803,8,25.0,4.8,9100,COSRX,"Formulated with 96.3% Snail Secretion Filtrate to replenish moisture, repair damaged skin barriers, and fade dark spots."
231,Tatcha The Dewy Skin Cream Rich Plumping Moisturizer with Japanese Purple Rice,804,8,72.0,4.8,3800,Tatcha,"Rich antioxidant-packed moisturizing cream with Japanese purple rice, Okinawa algae blend, and hyaluronic acid."
232,Kiehl's Ultra Facial Cream with Squalane 24-Hour Daily Deep Hydration,804,8,38.0,4.8,5400,Kiehl's,Glacial Glycoprotein and olive-derived Squalane provide 24-hour hydration even in extreme winter temperatures.
233,Moroccanoil Treatment Original Hair Oil with Argan Oil & Vitamin E (100ml),805,8,48.0,4.9,8200,Moroccanoil,"Pioneering argan oil infused conditioning treatment speeds up blow-drying time, detangles, and boosts brilliant shine."
234,K18 Leave-In Molecular Repair Hair Mask with Biomimetic Peptide (50ml),805,8,75.0,4.8,2900,K18,"Patented K18PEPTIDE reconnects broken polypeptide keratin chains in just 4 minutes, reversing bleach damage."
235,"Le Labo Santal 33 Eau de Parfum 50ml (Cardamom, Iris, Violet & Australian Sandalwood)",806,8,230.0,4.8,1980,Le Labo,"Iconic woody fragrance with spicy cardamom, iris, violet, crackling smoky wood alloy of Australian sandalwood and cedar."
236,Aesop Resurrection Aromatique Hand Balm with Mandarin Rind & Rosemary Leaf 75ml,806,8,33.0,4.9,3100,Aesop,Nourishing botanicals and skin-softening emollients soothe hardworking hands and cuticles without greasy residue.
237,Dymatize ISO100 Hydrolyzed 100% Whey Protein Isolate 5 lbs - Gourmet Chocolate,901,9,89.99,4.8,4800,Dymatize,"Fast-digesting hydrolyzed whey isolate with 25g protein, 5.5g BCAAs, and less than 1g carb/sugar per serving."
238,Orgain Organic Plant-Based Protein Powder 2.03 lbs - Creamy Chocolate Fudge,901,9,31.99,4.6,6200,Orgain,"21g organic plant protein from pea, brown rice, and chia seeds, 6g dietary prebiotic fiber, USDA certified organic."
239,"Blue Bottle Coffee Bella Donovan Whole Bean Coffee 12 oz (Raspberry, Chocolate, Molasses)",902,9,17.0,4.8,2900,Blue Bottle,"Signature rich blend combining washed and natural coffees, deep jammy fruit elegance with dark chocolate finish."
240,"Intelligentsia Frequency Whole Bean Coffee 12 oz (Golden Raisin, Dried Fruit, Milk Chocolate)",902,9,16.5,4.8,1900,Intelligentsia,Direct Trade whole bean coffee designed to be smooth and versatile as automated drip or pour-over brew.
241,"Nuun Sport Electrolyte Drink Tablets 4-Pack (Citrus, Fruit Punch, Grape, Lemon Lime)",903,9,27.99,4.7,4900,Nuun,Effervescent electrolyte replacement tablets designed with clean ingredients to optimize hydration during workouts.
242,Gatorade Endurance Formula Powder 32 oz (Twice the Sodium & Potassium for Athletes),903,9,29.99,4.8,1800,Gatorade,Delivers 300mg sodium and 140mg potassium per 12 oz serving specifically for marathoners and endurance racers.
243,Chocolove Strong Dark Chocolate 70% Cocoa Bar with Love Poem Inside (12-Pack),904,9,38.99,4.9,3200,Chocolove,Belgian dark chocolate crafted from African and Caribbean cocoa beans with rich complex cocoa character.
244,Bragg Organic Raw Unfiltered Apple Cider Vinegar with The Mother 32 oz,904,9,7.49,4.9,9800,Bragg,"Unpasteurized, USDA organic, contains the beneficial mother strands of proteins, enzymes, and friendly bacteria."
245,The Lord of the Rings 3-Book Deluxe Illustrated Edition by J.R.R. Tolkien (Hardcover),1001,10,75.0,4.9,6400,William Morrow,Magnificent single-volume hardcover illustrated with original paintings and sketches by Tolkien himself.
246,Klara and the Sun by Kazuo Ishiguro (Hardcover Sci-Fi Novel by Nobel Prize Winner),1001,10,21.0,4.7,3400,Knopf,"Luminous story of Klara, an Artificial Friend with outstanding observational qualities, exploring the human heart."
247,"Thinking, Fast and Slow by Daniel Kahneman (Hardcover Behavioral Economics Classic)",1002,10,24.0,4.8,8900,"Farrar, Straus and Giroux","Landmark exploration of the two systems driving our thoughts: System 1 (fast, intuitive) and System 2 (slow, logical)."
248,"The Psychology of Money: Timeless Lessons on Wealth, Greed, and Happiness by Morgan Housel",1002,10,18.99,4.9,12000,Harriman House,19 short stories exploring the strange ways people think about money and teaching how to make better financial decisions.
249,Lamy 2000 Makrolon Fountain Pen with 14K Gold Platinum-Coated Piston-Filler Nib,1003,10,219.0,4.9,1850,Lamy,"Bauhaus design icon since 1966, crafted from fiberglass-reinforced Makrolon resin and brushed stainless steel."
250,Rhodia Webnotebook A5 Dot Grid Journal with 90gsm Clairefontaine Vellum Paper,1003,10,22.0,4.8,4100,Rhodia,"Fountain-pen-friendly ultra-smooth ivory paper that resists feathering and bleed-through, Italian leatherette cover."
251,Xiaomi 14 Ultra 512GB Leica Quad-Camera Photography Flagship,101,1,1199.0,4.7,520,Xiaomi,"1-inch Sony LYT-900 sensor with stepless variable aperture f/1.63-f/4.0, Snapdragon 8 Gen 3, WQHD+ 120Hz AMOLED."
252,Asus Zenfone 10 256GB Compact 5.9-inch 144Hz Flagship with 6-Axis Gimbal,101,1,699.99,4.6,420,Asus,"Compact powerhouse featuring 5.9-inch AMOLED display, Snapdragon 8 Gen 2, 6-Axis Hybrid Gimbal Stabilizer 2.0, 3.5mm jack."
253,Sony Xperia 5 V 128GB Compact Creative Smartphone with Zeiss T* Optics,101,1,899.0,4.6,310,Sony,"Compact creator device with next-generation Exmor T for mobile sensor, 2-day battery life, 3.5mm audio jack."
254,Microsoft Surface Pro 11th Edition Copilot+ PC Snapdragon X Elite 16GB/512GB OLED,102,1,1499.99,4.7,430,Microsoft,"Copilot+ 2-in-1 PC with Snapdragon X Elite processor, 13-inch PixelSense Flow OLED touchscreen, all-day battery."
255,Lenovo Tab P12 Pro 12.6-inch 2K AMOLED Android Tablet with Precision Pen 3,102,1,599.99,4.5,680,Lenovo,"12.6-inch 120Hz AMOLED display with Dolby Vision, JBL quad speakers, wireless charging for included stylus."
256,"Acer Predator Helios 16 Gaming Laptop (Intel i9-14900HX, RTX 4080, 32GB RAM, 1TB SSD)",201,2,2299.99,4.7,340,Acer,"16-inch WQXGA 240Hz 500 nits IPS display, 5th Gen AeroBlade 3D metal fans, liquid metal thermal paste, per-key RGB."
257,MSI Creator Z17 HX Studio A14V 17-inch QHD+ 165Hz Touch Creator Laptop RTX 4070,201,2,2799.0,4.6,210,MSI,"CNC unibody chassis, Intel Core i9-14900HX, NVIDIA Studio certified RTX 4070, factory-calibrated Delta E < 2 display."
258,NuPhy Air75 V2 Ultra-Slim Wireless Mechanical Keyboard with Gateron Low-Profile,204,2,119.95,4.8,890,NuPhy,"Ultra-thin 75% layout keyboard, 1000Hz polling rate in 2.4G wireless mode, PBT dye-sub keycaps, QMK/VIA support."
259,Wooting 60HE+ Analog Mechanical Keyboard with Hall Effect Magnetic Switches,204,2,185.0,4.9,1400,Wooting,"Esports sensation with full analog control, 0.1mm Rapid Trigger accuracy, Lekker magnetic switches, web-based software."
260,Audio-Technica ATH-M50xBT2 Wireless Over-Ear Professional Studio Monitor Headphones,301,3,199.0,4.8,4800,Audio-Technica,"Legendary M50x studio sound with 45mm large-aperture drivers, AK4331 advanced audio DAC, LDAC support, 50-hour battery."
261,Focal Bathys Hi-Fi Active Noise Cancelling Wireless Headphones with USB-DAC Mode,301,3,699.0,4.8,380,Focal,"French handcrafted aluminum-magnesium dome drivers, integrated 24-bit/192kHz USB-DAC mode, high-end leather finish."
262,Rancilio Silvia Pro X Dual Boiler Espresso Machine with Soft Infusion (Made in Italy),401,4,1890.0,4.9,320,Rancilio,"Commercial-grade dual brass boilers, dual PID temperature controllers, variable soft infusion pressure profiling."
263,Eureka Mignon Specialita Silent Electronic Espresso Grinder with 55mm Flat Burrs,401,4,649.0,4.8,780,Eureka,"Silent Technology drastically reducing grinding noise, 55mm hardened steel flat burrs, micrometric stepless adjustment."
264,All-Clad D3 Stainless 10-Piece Tri-Ply Bonded Cookware Set (Made in USA),403,4,699.95,4.9,2100,All-Clad,Classic tri-ply construction with responsive aluminum core bonded between two layers of durable stainless steel.
265,Finex 12-inch Cast Iron Skillet with Octagonal Shape and Stainless Steel Spring Handle,403,4,230.0,4.8,410,Finex,"Heirloom handcrafted cast iron with polished ultra-smooth cooking surface, geometric pour spouts, stay-cool spring handle."
266,Canada Goose Expedition Parka Down Coat with TEI 5 Arctic Extreme Protection,501,5,1495.0,4.8,620,Canada Goose,"Tested for sub-zero -30°C conditions in Antarctica, 625-fill power duck down, Arctic Tech water-resistant shell."
267,Mountain Hardwear Ghost Whisperer/2 Ultralight Down Hoody (100% Recycled Shell),501,5,350.0,4.8,1250,Mountain Hardwear,"Weighs only 8.8 oz, 800-fill RDS-certified down, 100% recycled Whisperer 10D ripstop fabric, packs into its own pocket."
268,Puma Deviate Nitro Elite 3 Carbon-Plated Lightweight Marathon Racing Shoes,601,6,230.0,4.7,340,Puma,"NITROFOAM Elite nitrogen-infused peba foam, thermo-formed carbon fiber PWRPLATE, PUMAGRIP high-traction rubber."
269,Topo Athletic Cyclone 2 Lightweight Responsive Speed Training Running Shoes,601,6,150.0,4.8,510,Topo Athletic,"Pebax superfoam midsole with 5mm drop and spacious anatomical toe box, featherweight 6.9 oz design."
270,Oura Gen 3 Heritage Smart Ring - Silver with Continuous Heart Rate & Sleep Staging,701,7,299.0,4.6,2800,Oura,"Classic flat-top titanium smart ring with accurate sleep and physiological monitoring sensors, water resistant to 100m."
271,Hyperice Hypervolt 2 Pro Deep Tissue Percussion Massage Gun with 5 Speed Settings,701,7,329.0,4.8,1600,Hyperice,"90W high-torque brushless motor, QuietGlide acoustic technology, Bluetooth connected routines with pro athletes."
272,La Roche-Posay Anthelios Mineral Ultra-Light Face Sunscreen Fluid SPF 50 with Zinc Oxide,801,8,34.99,4.7,4800,La Roche-Posay,"100% mineral sunscreen with Titanium Dioxide and Zinc Oxide, ultra-light matte finish fluid, antioxidant protection, water resistant 40 min."
273,Supergoop! Play Everyday Sunscreen Lotion SPF 50 with Sunflower Extract (Water & Sweat 80 Min),801,8,36.0,4.8,3900,Supergoop!,"Fast-absorbing, non-greasy, water- and sweat-resistant broad spectrum sunscreen for face and body, fortified with antioxidant rosemary and sunflower."
274,Banana Boat Light As Air Sunscreen Lotion SPF 50 Fast Absorbing Non-Greasy,801,8,10.49,4.6,2100,Banana Boat,"Formulated to absorb excess moisture and dry quickly, broad spectrum UVA/UVB defense that feels light on skin, water resistant 80 min."
275,Neutrogena Beach Defense Sunscreen Lotion Broad Spectrum SPF 70 Water-Light Formula,801,8,11.99,4.7,3100,Neutrogena,"Beach-strength sun and water protection with Helioplex technology, water resistant for 80 minutes, oil-free and fast absorbing."
276,Shiseido Clear Sunscreen Stick SPF 50+ WetForce Clear Invisible Application,801,8,32.0,4.8,2400,Shiseido,"Clear sunscreen stick that goes on completely invisible under or over makeup, powered by WetForce technology to strengthen when exposed to water or sweat."
277,Sunday Riley Good Genes All-in-One Lactic Acid Treatment Exfoliating Face Serum,803,8,85.0,4.8,4100,Sunday Riley,"Purified grade lactic acid exfoliates dull surface skin cells to clarify pores, fade dark spots, and boost radiant glow."
278,Drunk Elephant C-Firma Fresh Day Serum 15% Vitamin C with Ferulic Acid and Vitamin E,803,8,79.0,4.6,2800,Drunk Elephant,Potent antioxidant complex with 15% L-Ascorbic acid and fruit enzymes dissolving dead surface skin for brilliant luminosity.
279,Vega Sport Premium Plant-Based Protein Powder 45 Servings - Mocha (30g Protein + Tart Cherry),901,9,79.99,4.7,2900,Vega,"30g multi-source plant protein from pea, pumpkin seed, organic sunflower seed, and alfalfa, 5g BCAAs, tart cherry for recovery."
280,Naked Whey 100% Grass-Fed Unflavored Whey Protein Powder 5 lbs (Single Ingredient),901,9,94.99,4.8,3800,Naked Nutrition,"Zero additives, zero artificial sweeteners, zero GMOs, 100% cold-processed grass-fed whey from small dairy farms in California."
281,Hyperion by Dan Simmons (Hugo Award-Winning Sci-Fi Masterpiece),1001,10,18.99,4.8,4100,Spectra,Canterbury Tales-style interstellar journey across the galaxy as seven pilgrims travel to the Time Tombs to meet the Shrike.
282,Red Rising by Pierce Brown (Dystopian Sci-Fi Epic First Edition),1001,10,17.5,4.8,5600,Del Rey,"A gritty, fast-paced tale of revolution, color-coded caste hierarchies, and betrayal set on the harsh surface of Mars."
283,Bose Noise-Cancelling High-Fidelity Headphones (Pro Edition),301,3,275.21,4.9,3355,Bose,Official Bose Studio precision sound with plush memory foam earcups and 35-hour battery.
284,Marshall Waterproof Portable Bluetooth Soundbar (Pro Edition),303,3,121.69,4.8,2161,Marshall,Official Marshall IP67 dust and submersible waterproof speaker with dual passive radiators.
285,Baseus Multi-Port Fast GaN Charger 100W (Pro Edition),105,1,55.5,4.9,3433,Baseus,"Official Baseus GaN technology fast charger for laptops, phones, and tablets simultaneously."
286,The North Face Ultra-Lightweight Packable Windbreaker Jacket (Pro Edition),501,5,128.02,4.7,4134,The North Face,Official The North Face DWR water-resistant ripstop nylon shell with adjustable hood and zippered pockets.
287,Ten Thousand Breathable Moisture-Wicking Running Tee (Pro Edition),504,5,51.41,4.9,1828,Ten Thousand,Official Ten Thousand Ergonomic athletic fit with anti-odor Polygiene treatment and reflective details.
288,Hoka Max Cushion Everyday Walking & Standing Shoes (Pro Edition),601,6,122.48,4.6,3388,Hoka,Official Hoka Orthopedic approved cushioning with reinforced arch support and breathable knit upper.
289,Bellroy Ultra-Durable Cordura Travel Daypack 22L (Pro Edition),505,5,125.92,4.7,2847,Bellroy,"Official Bellroy YKK waterproof zippers, padded laptop compartment, and luggage pass-through sleeve."
290,De'Longhi Precision Ceramic Burr Hand Coffee Grinder (Pro Edition),401,4,87.31,4.6,3728,De'Longhi,Official De'Longhi Dual bearing stabilization with 30 stepped click grind adjustments for espresso to French press.
291,Staub Cast Iron Reversible Double Burner Griddle (Pro Edition),403,4,54.59,4.6,3708,Staub,Official Staub Pre-seasoned heavy cast iron with smooth griddle on one side and ribbed grill on reverse.
292,EltaMD Broad Spectrum Mineral Sunscreen Stick SPF 50 (Pro Edition),801,8,13.57,4.7,3902,EltaMD,"Official EltaMD Water resistant 80 minutes with non-nano zinc oxide, glides onto wet or dry skin cleanly."
293,Badger Sweat-Resistant Sport Continuous Sun Spray SPF 50+ (Pro Edition),801,8,14.64,4.8,2003,Badger,Official Badger Endurance athletic sunscreen spray that binds to wet skin without running into eyes.
294,Cetaphil Gentle Foaming Amino Acid Facial Cleanser (Pro Edition),802,8,20.69,4.8,3219,Cetaphil,Official Cetaphil Low pH 5.5 balanced facial wash with 11 amino acids and soothing chamomile extract.
295,Skinfix Triple Ceramide Barrier Repair Cream 100ml (Pro Edition),804,8,32.24,4.8,3810,Skinfix,"Official Skinfix Deeply restorative moisturizer enriched with phytosphingosine, squalane, and cholesterol."
296,Vega Hydrolyzed Multi-Collagen Peptides Powder 16 oz (Pro Edition),901,9,44.85,4.7,3373,Vega,"Official Vega Types I, II, III, V, and X collagen with biotin and vitamin C for joint and skin elasticity."
297,Blue Bottle Single-Origin Specialty Cold Brew Coffee Bags (Pro Edition),902,9,18.03,4.6,3519,Blue Bottle,Official Blue Bottle Coarse-ground Ethiopian and Colombian beans pre-portioned in cold brew steep pitcher filter bags.
298,Logitech High-Performance Ergonomic Wireless Vertical Mouse (Pro Edition),204,2,94.21,4.9,673,Logitech,Official Logitech 57-degree natural handshake posture angle reduces wrist strain and forearm muscle tension.
299,BenQ Portable Dual-Screen Laptop Monitor Extender 14-inch (Pro Edition),202,2,288.48,4.8,4156,BenQ,Official BenQ FHD IPS plug-and-play dual screen clamps securely to 13-17 inch laptops with single USB-C.
300,Honeywell Ultra-Quiet Smart Humidifier with Warm & Cool Mist 6L (Pro Edition),405,4,98.92,4.7,877,Honeywell,"Official Honeywell Ultrasonic humidification with essential oil diffuser, automatic humidity sensor, and sleep mode."
301,Sony Noise-Cancelling High-Fidelity Headphones (Pro Edition),301,3,278.78,4.8,2210,Sony,Official Sony Studio precision sound with plush memory foam earcups and 35-hour battery.
302,JBL Waterproof Portable Bluetooth Soundbar (Pro Edition),303,3,113.11,4.9,2691,JBL,Official JBL IP67 dust and submersible waterproof speaker with dual passive radiators.
303,UGREEN Multi-Port Fast GaN Charger 100W (Pro Edition),105,1,72.98,4.6,558,UGREEN,"Official UGREEN GaN technology fast charger for laptops, phones, and tablets simultaneously."
304,Columbia Ultra-Lightweight Packable Windbreaker Jacket (Pro Edition),501,5,117.92,4.8,1309,Columbia,Official Columbia DWR water-resistant ripstop nylon shell with adjustable hood and zippered pockets.
305,Under Armour Breathable Moisture-Wicking Running Tee (Pro Edition),504,5,42.61,4.6,2381,Under Armour,Official Under Armour Ergonomic athletic fit with anti-odor Polygiene treatment and reflective details.
306,Nike Max Cushion Everyday Walking & Standing Shoes (Pro Edition),601,6,138.18,4.6,893,Nike,Official Nike Orthopedic approved cushioning with reinforced arch support and breathable knit upper.
307,Patagonia Ultra-Durable Cordura Travel Daypack 22L (Pro Edition),505,5,125.48,4.8,687,Patagonia,"Official Patagonia YKK waterproof zippers, padded laptop compartment, and luggage pass-through sleeve."
308,Fellow Precision Ceramic Burr Hand Coffee Grinder (Pro Edition),401,4,74.46,4.9,2059,Fellow,Official Fellow Dual bearing stabilization with 30 stepped click grind adjustments for espresso to French press.
309,Wüsthof Cast Iron Reversible Double Burner Griddle (Pro Edition),403,4,70.52,4.6,629,Wüsthof,Official Wüsthof Pre-seasoned heavy cast iron with smooth griddle on one side and ribbed grill on reverse.
310,Badger Broad Spectrum Mineral Sunscreen Stick SPF 50 (Pro Edition),801,8,16.85,4.7,3731,Badger,"Official Badger Water resistant 80 minutes with non-nano zinc oxide, glides onto wet or dry skin cleanly."
311,Beauty of Joseon Sweat-Resistant Sport Continuous Sun Spray SPF 50+ (Pro Edition),801,8,13.28,4.9,1919,Beauty of Joseon,Official Beauty of Joseon Endurance athletic sunscreen spray that binds to wet skin without running into eyes.
312,Youth to the People Gentle Foaming Amino Acid Facial Cleanser (Pro Edition),802,8,20.86,4.9,2705,Youth to the People,Official Youth to the People Low pH 5.5 balanced facial wash with 11 amino acids and soothing chamomile extract.
313,Tatcha Triple Ceramide Barrier Repair Cream 100ml (Pro Edition),804,8,34.62,4.7,2016,Tatcha,"Official Tatcha Deeply restorative moisturizer enriched with phytosphingosine, squalane, and cholesterol."
314,Ghost Hydrolyzed Multi-Collagen Peptides Powder 16 oz (Pro Edition),901,9,49.05,4.8,3795,Ghost,"Official Ghost Types I, II, III, V, and X collagen with biotin and vitamin C for joint and skin elasticity."
315,Blue Bottle Single-Origin Specialty Cold Brew Coffee Bags (Pro Edition),902,9,22.49,4.7,2776,Blue Bottle,Official Blue Bottle Coarse-ground Ethiopian and Colombian beans pre-portioned in cold brew steep pitcher filter bags.
316,SteelSeries High-Performance Ergonomic Wireless Vertical Mouse (Pro Edition),204,2,83.0,4.9,1815,SteelSeries,Official SteelSeries 57-degree natural handshake posture angle reduces wrist strain and forearm muscle tension.
317,Dell Portable Dual-Screen Laptop Monitor Extender 14-inch (Pro Edition),202,2,274.34,4.9,1774,Dell,Official Dell FHD IPS plug-and-play dual screen clamps securely to 13-17 inch laptops with single USB-C.
318,Dyson Ultra-Quiet Smart Humidifier with Warm & Cool Mist 6L (Pro Edition),405,4,100.7,4.7,2631,Dyson,"Official Dyson Ultrasonic humidification with essential oil diffuser, automatic humidity sensor, and sleep mode."
319,Audio-Technica Noise-Cancelling High-Fidelity Headphones (Pro Edition),301,3,244.99,4.8,1562,Audio-Technica,Official Audio-Technica Studio precision sound with plush memory foam earcups and 35-hour battery.
320,Bose Waterproof Portable Bluetooth Soundbar (Pro Edition),303,3,114.19,4.7,3167,Bose,Official Bose IP67 dust and submersible waterproof speaker with dual passive radiators.
321,Nomad Multi-Port Fast GaN Charger 100W (Pro Edition),105,1,56.57,4.8,904,Nomad,"Official Nomad GaN technology fast charger for laptops, phones, and tablets simultaneously."
322,Columbia Ultra-Lightweight Packable Windbreaker Jacket (Pro Edition),501,5,159.83,4.8,2273,Columbia,Official Columbia DWR water-resistant ripstop nylon shell with adjustable hood and zippered pockets.
323,Nike Breathable Moisture-Wicking Running Tee (Pro Edition),504,5,46.71,4.6,2910,Nike,Official Nike Ergonomic athletic fit with anti-odor Polygiene treatment and reflective details.
324,Salomon Max Cushion Everyday Walking & Standing Shoes (Pro Edition),601,6,135.32,4.7,1489,Salomon,Official Salomon Orthopedic approved cushioning with reinforced arch support and breathable knit upper.
325,Patagonia Ultra-Durable Cordura Travel Daypack 22L (Pro Edition),505,5,114.28,4.8,1099,Patagonia,"Official Patagonia YKK waterproof zippers, padded laptop compartment, and luggage pass-through sleeve."
